,station,lat,lon,weatherfont,weathersymbol,weathercolour,wwletter
0,EEEI,59.2603,24.2085,,,,1110003600100002000300004000051000600007000080000
1,EGEO,56.4635,-5.39967,36.0,1,,1110003600100002000300004000051000600007000080000
2,EKOD,55.4767,10.3309,,,,1110003600100002000300004000051000600007000080000
3,EGGP,53.3336,-2.84972,,,,1110003600100002000300004000051000600007000080000
4,LIPK,44.1948,12.0701,,,,1110003600100002000300004000051000600007000080000
5,ETNG,50.9608,6.04242,,,,1110003600100002000300004000051000600007000080000
6,LGKF,38.1201,20.5005,,,,1110003600100002000300004000051000600007000080000
7,EKVD,55.4363,9.33092,,,,1110003600100002000300004000051000600007000080000
8,LGLR,39.65628,22.34,,,,1110003600100002000300004000051000600007000080000
9,LGTG,38.3398,23.565,,,,1110003600100002000300004000051000600007000080000
10,LGPZ,38.9255,20.7653,,,,1110003600100002000300004000051000600007000080000
11,EGPU,56.4992,-6.86917,36.0,^,green,1110003600100002000300004000051000600007000080000
12,LTBO,38.6815,29.4717,,,,1110003600100002000300004000051000600007000080000
13,LTCL,37.9789,41.8404,,,,1110003600100002000300004000051000600007000080000
14,LTCM,42.0158,35.0664,,,,1110003600100002000300004000051000600007000080000
15,LTCO,39.65454,43.02598,,,,1110003600100002000300004000051000600007000080000
16,LTCP,37.7314,38.4689,,,,1110003600100002000300004000051000600007000080000
17,LTCR,37.2233,40.6317,,,,1110003600100002000300004000051000600007000080000
18,LTFB,37.9507,27.329,,,,1110003600100002000300004000051000600007000080000
19,LTFK,40.2045,25.8833,,,,1110003600100002000300004000051000600007000080000
20,LTAY,37.7856,29.7013,,,,1110003600100002000300004000051000600007000080000
21,LTBD,37.815,27.8953,,,,1110003600100002000300004000051000600007000080000
22,LTBH,40.1377,26.4268,,,,1110003600100002000300004000051000600007000080000
23,LTBY,39.8099,30.5194,,,,1110003600100002000300004000051000600007000080000
24,LTCB,40.96667,38.08,,,,1110003600100002000300004000051000600007000080000
25,LTCN,37.53883,36.95352,,,,1110003600100002000300004000051000600007000080000
26,LTCT,39.97663,43.87665,,,,1110003600100002000300004000051000600007000080000
27,LTFD,39.5546,27.0138,,,,1110003600100002000300004000051000600007000080000
28,LTFG,36.29922,32.3006,,,,1110003600100002000300004000051000600007000080000
29,LBPL,43.4514,24.5028,36.0,+,yellow,1110003600100002000300004000051000600007000080000
30,ETEK,49.6503,7.30007,,,,1110003600100002000300004000051000600007000080000
31,EGYE,52.9622,-0.56163,,,,1110003600100002000300004000051000600007000080000
32,LBPG,42.2904,24.714,,,,1110003600100002000300004000051000600007000080000
33,ETIC,49.6987,11.9402,,,,1110003600100002000300004000051000600007000080000
34,LTAV,39.4515,31.3653,,,,1110003600100002000300004000051000600007000080000
35,LTBT,38.8089,27.8339,,,,1110003600100002000300004000051000600007000080000
36,LTFA,38.5176,26.9774,,,,1110003600100002000300004000051000600007000080000
37,LTAD,39.9498,32.6886,,,,1110003600100002000300004000051000600007000080000
38,LTAH,38.7264,30.6011,,,,1110003600100002000300004000051000600007000080000
39,LTBF,39.6193,27.926,,,,1110003600100002000300004000051000600007000080000
40,LTBG,40.318,27.9777,,,,1110003600100002000300004000051000600007000080000
41,LTBI,39.7841,30.5821,,,,1110003600100002000300004000051000600007000080000
42,LTBL,38.513,27.0101,,,,1110003600100002000300004000051000600007000080000
43,LTCA,38.6069,39.2914,,,,1110003600100002000300004000051000600007000080000
44,LTCK,38.7478,41.6612,,,,1110003600100002000300004000051000600007000080000
45,LTAE,40.0789,32.5656,,,,1110003600100002000300004000051000600007000080000
46,LIPB,46.4602,11.3264,,,,1110003600100002000300004000051000600007000080000
47,LIBF,41.4329,15.535,,,,1110003600100002000300004000051000600007000080000
48,LIMA,45.0864,7.60337,,,,1110003600100002000300004000051000600007000080000
49,LIRI,40.6204,14.9113,,,,1110003600100002000300004000051000600007000080000
50,LIBC,38.9972,17.0802,,,,1110003600100002000300004000051000600007000080000
51,LICG,36.8165,11.9689,,,,1110003600100002000300004000051000600007000080000
52,LIMG,44.0506,8.12743,,,,1110003600100002000300004000051000600007000080000
53,LIBG,40.5175,17.4032,,,,1110003600100002000300004000051000600007000080000
54,LIPU,45.3958,11.8479,,,,1110003600100002000300004000051000600007000080000
55,LIQN,42.4272,12.8517,,,,1110003600100002000300004000051000600007000080000
56,LIRU,41.9519,12.4989,,,,1110003600100002000300004000051000600007000080000
57,LPOV,40.9159,-8.64592,,,,1110003600100002000300004000051000600007000080000
58,UWLW,54.401,48.8027,,,,1110003600100002000300004000051000600007000080000
59,EGUL,52.4093,0.561,,,,1110003600100002000300004000051000600007000080000
60,EGVA,51.6822,-1.79003,,,,1110003600100002000300004000051000600007000080000
61,EGXT,52.6126,-0.47645,,,,1110003600100002000300004000051000600007000080000
62,EGXW,53.1662,-0.52381,,,,1110003600100002000300004000051000600007000080000
63,LGHI,38.3432,26.1406,,,,1110003600100002000300004000051000600007000080000
64,LGNX,37.0811,25.3681,,,,1110003600100002000300004000051000600007000080000
65,LGSO,37.4228,24.9509,,,,1110003600100002000300004000051000600007000080000
66,LIMP,44.8245,10.2964,,,,1110003600100002000300004000051000600007000080000
67,LKKB,50.1214,14.5436,,,,1110003600100002000300004000051000600007000080000
68,LKLN,49.6752,13.2746,,,,1110003600100002000300004000051000600007000080000
69,LTCD,39.7102,39.527,,,,1110003600100002000300004000051000600007000080000
70,LTCF,40.5622,43.115,,,,1110003600100002000300004000051000600007000080000
71,LTFH,41.2545,36.5671,,,,1110003600100002000300004000051000600007000080000
72,UMOO,53.9549,30.0951,,,,1110003600100002000300004000051000600007000080000
73,EIWF,52.1872,-7.08696,,,,1110003600100002000300004000051000600007000080000
74,LPAR,38.8833,-9.0301,,,,1110003600100002000300004000051000600007000080000
75,LPST,38.8311,-9.33955,,,,1110003600100002000300004000051000600007000080000
76,LIBA,41.5414,15.7181,,,,1110003600100002000300004000051000600007000080000
77,LIBN,40.2392,18.1333,,,,1110003600100002000300004000051000600007000080000
78,LIBV,40.7678,16.9333,,,,1110003600100002000300004000051000600007000080000
79,LIED,39.3542,8.97248,,,,1110003600100002000300004000051000600007000080000
80,LIMN,45.5296,8.66922,,,,1110003600100002000300004000051000600007000080000
81,LIMS,44.9131,9.72333,,,,1110003600100002000300004000051000600007000080000
82,LIPA,46.0319,12.5965,,,,1110003600100002000300004000051000600007000080000
83,LIPF,44.816,11.6134,,,,1110003600100002000300004000051000600007000080000
84,LIPI,45.9787,13.0493,,,,1110003600100002000300004000051000600007000080000
85,LIPL,45.4322,10.2677,,,,1110003600100002000300004000051000600007000080000
86,LIPS,45.6849,12.0829,,,,1110003600100002000300004000051000600007000080000
87,LIQW,44.088,9.98795,,,,1110003600100002000300004000051000600007000080000
88,LIRE,41.6545,12.4452,,,,1110003600100002000300004000051000600007000080000
89,LIRG,41.9903,12.7408,,,,1110003600100002000300004000051000600007000080000
90,LIRH,41.6464,13.2998,,,,1110003600100002000300004000051000600007000080000
91,LIRL,41.5424,12.909,,,,1110003600100002000300004000051000600007000080000
92,LIRS,42.7597,11.0719,,,,1110003600100002000300004000051000600007000080000
93,LIRV,42.4302,12.0642,,,,1110003600100002000300004000051000600007000080000
94,LIRM,41.0608,14.0819,,,,1110003600100002000300004000051000600007000080000
95,LTAB,39.935,32.7408,,,,1110003600100002000300004000051000600007000080000
96,LTAR,39.8138,36.9035,,,,1110003600100002000300004000051000600007000080000
97,LTBQ,40.735,30.0833,,,,1110003600100002000300004000051000600007000080000
98,EGWC,52.64,-2.30558,,,,1110003600100002000300004000051000600007000080000
99,LGSY,38.9676,24.4872,,,,1110003600100002000300004000051000600007000080000
100,ETIH,49.2181,11.8361,,,,1110003600100002000300004000051000600007000080000
101,ETIK,49.4739,10.3881,,,,1110003600100002000300004000051000600007000080000
102,ETAD,49.9727,6.6925,,,,1110003600100002000300004000051000600007000080000
103,ETAR,49.4369,7.60028,,,,1110003600100002000300004000051000600007000080000
104,ETOU,50.0498,8.3254,,,,1110003600100002000300004000051000600007000080000
105,UMII,55.1265,30.3496,,,,1110003600100002000300004000051000600007000080000
106,LOAV,47.965,16.26,,,,1110003600100002000300004000051000600007000080000
107,LKKU,49.0294,17.4397,,,,1110003600100002000300004000051000600007000080000
108,LOAN,47.8433,16.2601,,,,1110003600100002000300004000051000600007000080000
109,LPMR,39.8312,-8.88726,36.0,^,green,1110003600100002000300004000051000600007000080000
110,LPMT,38.7039,-9.03592,,,,1110003600100002000300004000051000600007000080000
111,LIPC,44.2242,12.3072,,,,1110003600100002000300004000051000600007000080000
112,LICZ,37.4017,14.9224,,,,1110003600100002000300004000051000600007000080000
113,LATI,41.4147,19.7206,,,,1110003600100002000300004000051000600007000080000
114,LMML,35.8575,14.4775,,,,1110003600100002000300004000051000600007000080000
115,LWOH,41.18,20.7423,,,,1110003600100002000300004000051000600007000080000
116,LWSK,41.9616,21.6214,,,,1110003600100002000300004000051000600007000080000
117,EVGA,56.7783,24.8539,,,,1110003600100002000300004000051000600007000080000
118,LTAL,41.3142,33.7958,36.0,2,red,1110003600100002000300004000051000600007000080000
119,LTDA,36.36278,36.28222,,,,1110003600100002000300004000051000600007000080000
120,EYSA,55.8939,23.395,,,,1110003600100002000300004000051000600007000080000
121,EVVA,57.3578,21.5442,,,,1110003600100002000300004000051000600007000080000
122,LSZC,46.97444,8.39694,,,,1110003600100002000300004000051000600007000080000
123,EKRS,55.4258,11.8067,,,,1110003600100002000300004000051000600007000080000
124,LSMA,46.9439,8.28417,,,,1110003600100002000300004000051000600007000080000
125,LSMD,47.3986,8.64823,,,,1110003600100002000300004000051000600007000080000
126,LSME,47.0924,8.30512,,,,1110003600100002000300004000051000600007000080000
127,LSMM,46.7433,8.11,,,,1110003600100002000300004000051000600007000080000
128,LSMP,46.8432,6.91506,,,,1110003600100002000300004000051000600007000080000
129,EGHC,50.1028,-5.67056,,,,1110003600100002000300004000051000600007000080000
130,EGHQ,50.4406,-4.99541,,,,1110003600100002000300004000051000600007000080000
131,EVLA,56.5175,21.0969,,,,1110003600100002000300004000051000600007000080000
132,EYKA,54.9639,24.0848,,,,1110003600100002000300004000051000600007000080000
133,EYPA,55.9732,21.0939,,,,1110003600100002000300004000051000600007000080000
134,EFLP,61.0446,28.1444,,,,1110003600100002000300004000051000600007000080000
135,EFMI,61.6866,27.2018,,,,1110003600100002000300004000051000600007000080000
136,EFSA,61.9431,28.9451,,,,1110003600100002000300004000051000600007000080000
137,EFUT,60.8964,26.9384,,,,1110003600100002000300004000051000600007000080000
138,EGNO,53.7451,-2.88306,,,,1110003600100002000300004000051000600007000080000
139,EGCK,53.1042,-4.34028,36.0,^,green,1110003600100002000300004000051000600007000080000
140,EGTK,51.8369,-1.32,,,,1110003600100002000300004000051000600007000080000
141,ESOH,60.0201,13.5789,,,,1110003600100002000300004000051000600007000080000
142,ESNZ,63.1944,14.5003,,,,1110003600100002000300004000051000600007000080000
143,ESCF,58.4023,15.5257,,,,1110003600100002000300004000051000600007000080000
144,ESIB,58.4264,12.7144,,,,1110003600100002000300004000051000600007000080000
145,ESIA,58.5138,14.5071,,,,1110003600100002000300004000051000600007000080000
146,LIMW,45.7385,7.36872,,,,1110003600100002000300004000051000600007000080000
147,LIMZ,44.547,7.62322,,,,1110003600100002000300004000051000600007000080000
148,LICB,36.9946,14.60718,,,,1110003600100002000300004000051000600007000080000
149,LIPO,45.4289,10.3306,,,,1110003600100002000300004000051000600007000080000
150,ESNV,64.5791,16.8336,,,,1110003600100002000300004000051000600007000080000
151,ESST,60.1576,12.9913,,,,1110003600100002000300004000051000600007000080000
152,ESUP,67.2456,23.0689,,,,1110003600100002000300004000051000600007000080000
153,ESND,62.0478,14.4229,,,,1110003600100002000300004000051000600007000080000
154,ESMV,57.2922,14.1372,,,,1110003600100002000300004000051000600007000080000
155,ESPE,65.8753,20.1499,,,,1110003600100002000300004000051000600007000080000
156,ESCM,59.8973,17.5886,,,,1110003600100002000300004000051000600007000080000
157,EFET,68.3626,23.4243,,,,1110003600100002000300004000051000600007000080000
158,EFHA,61.856,24.7866,,,,1110003600100002000300004000051000600007000080000
159,EFJO,62.6629,29.6075,,,,1110003600100002000300004000051000600007000080000
160,EFKS,65.9876,29.2394,,,,1110003600100002000300004000051000600007000080000
161,EFKT,67.701,24.8468,,,,1110003600100002000300004000051000600007000080000
162,EFSI,62.6921,22.8323,,,,1110003600100002000300004000051000600007000080000
163,EEKA,58.9908,22.8307,,,,1110003600100002000300004000051000600007000080000
164,EEKE,58.2299,22.5095,,,,1110003600100002000300004000051000600007000080000
165,EETU,58.3075,26.6904,,,,1110003600100002000300004000051000600007000080000
166,EEPU,58.419,24.4728,,,,1110003600100002000300004000051000600007000080000
167,EDBC,51.8564,11.4203,,,,1110003600100002000300004000051000600007000080000
168,EDJA,47.9888,10.2395,,,,1110003600100002000300004000051000600007000080000
169,EDTY,49.11833,9.78389,,,,1110003600100002000300004000051000600007000080000
170,EDXW,54.9132,8.34047,,,,1110003600100002000300004000051000600007000080000
171,EKBI,55.7403,9.15178,,,,1110003600100002000300004000051000600007000080000
172,EKCH,55.6179,12.656,,,,1110003600100002000300004000051000600007000080000
173,EKEB,55.5259,8.5534,,,,1110003600100002000300004000051000600007000080000
174,EKRK,55.5856,12.1314,,,,1110003600100002000300004000051000600007000080000
175,EKRN,55.0633,14.7596,,,,1110003600100002000300004000051000600007000080000
176,EKSB,54.9644,9.79173,,,,1110003600100002000300004000051000600007000080000
177,EKVJ,55.9901,8.35391,,,,1110003600100002000300004000051000600007000080000
178,EETN,59.4133,24.8328,,,,1110003600100002000300004000051000600007000080000
179,EFHK,60.3172,24.9633,,,,1110003600100002000300004000051000600007000080000
180,EFIV,68.6073,27.4053,,,,1110003600100002000300004000051000600007000080000
181,EFJY,62.3995,25.6783,,,,1110003600100002000300004000051000600007000080000
182,EFKE,65.7787,24.5821,,,,1110003600100002000300004000051000600007000080000
183,EFKK,63.7212,23.1431,,,,1110003600100002000300004000051000600007000080000
184,EFMA,60.1222,19.8982,,,,1110003600100002000300004000051000600007000080000
185,EFOU,64.9301,25.3546,,,,1110003600100002000300004000051000600007000080000
186,EFPO,61.4617,21.8,,,,1110003600100002000300004000051000600007000080000
187,EFRO,66.5648,25.8304,,,,1110003600100002000300004000051000600007000080000
188,EFTP,61.4141,23.6044,,,,1110003600100002000300004000051000600007000080000
189,EFTU,60.5141,22.2628,,,,1110003600100002000300004000051000600007000080000
190,EFVA,63.0507,21.7622,,,,1110003600100002000300004000051000600007000080000
191,ENBR,60.2934,5.21814,,,,1110003600100002000300004000051000600007000080000
192,ENCN,58.2042,8.08537,,,,1110003600100002000300004000051000600007000080000
193,ENHD,59.3453,5.20836,,,,1110003600100002000300004000051000600007000080000
194,ENVA,63.4578,10.924,,,,1110003600100002000300004000051000600007000080000
195,ENZV,58.8767,5.63778,,,,1110003600100002000300004000051000600007000080000
196,EVRA,56.9236,23.9711,,,,1110003600100002000300004000051000600007000080000
197,EYVI,54.6341,25.2858,,,,1110003600100002000300004000051000600007000080000
198,LGAV,37.9364,23.9445,,,,1110003600100002000300004000051000600007000080000
199,LGIR,35.3397,25.1803,,,,1110003600100002000300004000051000600007000080000
200,LGRP,36.4054,28.0862,,,,1110003600100002000300004000051000600007000080000
201,ENAL,62.5625,6.1197,,,,1110003600100002000300004000051000600007000080000
202,ENDU,69.0558,18.5404,,,,1110003600100002000300004000051000600007000080000
203,ENRO,62.5784,11.3423,,,,1110003600100002000300004000051000600007000080000
204,ENRY,59.3789,10.7856,,,,1110003600100002000300004000051000600007000080000
205,ENTO,59.1867,10.2586,,,,1110003600100002000300004000051000600007000080000
206,ESDF,56.2667,15.265,,,,1110003600100002000300004000051000600007000080000
207,ESGG,57.6628,12.2798,,,,1110003600100002000300004000051000600007000080000
208,ESGP,57.7747,11.8704,,,,1110003600100002000300004000051000600007000080000
209,ESKN,58.7886,16.9122,,,,1110003600100002000300004000051000600007000080000
210,ESMK,55.9217,14.0855,,,,1110003600100002000300004000051000600007000080000
211,ESMS,55.53631,13.3762,,,,1110003600100002000300004000051000600007000080000
212,ESMX,56.9291,14.728,,,,1110003600100002000300004000051000600007000080000
213,ESNN,62.5281,17.4439,,,,1110003600100002000300004000051000600007000080000
214,ESNO,63.4083,18.99,,,,1110003600100002000300004000051000600007000080000
215,ESNQ,67.822,20.3368,,,,1110003600100002000300004000051000600007000080000
216,ESNU,63.7918,20.2828,,,,1110003600100002000300004000051000600007000080000
217,ESOK,59.4447,13.3374,,,,1110003600100002000300004000051000600007000080000
218,ESOW,59.5894,16.6336,,,,1110003600100002000300004000051000600007000080000
219,ESPA,65.5438,22.122,,,,1110003600100002000300004000051000600007000080000
220,ESSB,59.3544,17.9417,,,,1110003600100002000300004000051000600007000080000
221,ESSD,60.422,15.5152,,,,1110003600100002000300004000051000600007000080000
222,ESSP,58.5863,16.2506,,,,1110003600100002000300004000051000600007000080000
223,ESSV,57.6628,18.3462,,,,1110003600100002000300004000051000600007000080000
224,LSGC,47.0839,6.79284,,,,1110003600100002000300004000051000600007000080000
225,LSGG,46.2381,6.10895,,,,1110003600100002000300004000051000600007000080000
226,LSGS,46.2196,7.32676,,,,1110003600100002000300004000051000600007000080000
227,LSZA,46.0043,8.91058,,,,1110003600100002000300004000051000600007000080000
228,LSZB,46.9141,7.49715,,,,1110003600100002000300004000051000600007000080000
229,LSZG,47.1816,7.41719,,,,1110003600100002000300004000051000600007000080000
230,LSZH,47.4647,8.54917,,,,1110003600100002000300004000051000600007000080000
231,LSZL,46.1608,8.87861,,,,1110003600100002000300004000051000600007000080000
232,LSZR,47.485,9.56077,,,,1110003600100002000300004000051000600007000080000
233,LSZS,46.5341,9.88411,,,,1110003600100002000300004000051000600007000080000
234,EGCC,53.3537,-2.27495,,,,1110003600100002000300004000051000600007000080000
235,EGFF,51.3967,-3.34333,,,,1110003600100002000300004000051000600007000080000
236,EGGD,51.3827,-2.71909,,,,1110003600100002000300004000051000600007000080000
237,EGHI,50.9503,-1.3568,,,,1110003600100002000300004000051000600007000080000
238,EGJB,49.435,-2.60197,,,,1110003600100002000300004000051000600007000080000
239,EGKK,51.1481,-0.19028,,,,1110003600100002000300004000051000600007000080000
240,EGLF,51.2758,-0.77633,,,,1110003600100002000300004000051000600007000080000
241,EGMD,50.9561,0.93917,,,,1110003600100002000300004000051000600007000080000
242,EGNM,53.8659,-1.66057,,,,1110003600100002000300004000051000600007000080000
243,EGNS,54.0833,-4.62389,36.0,^,green,1110003600100002000300004000051000600007000080000
244,EGNV,54.5092,-1.42941,,,,1110003600100002000300004000051000600007000080000
245,EGPA,58.9578,-2.905,,,,1110003600100002000300004000051000600007000080000
246,EGTE,50.7344,-3.41389,,,,1110003600100002000300004000051000600007000080000
247,EGSH,52.6758,1.28278,,,,1110003600100002000300004000051000600007000080000
248,EGGW,51.8747,-0.36833,,,,1110003600100002000300004000051000600007000080000
249,EGHE,49.9133,-6.29167,,,,1110003600100002000300004000051000600007000080000
250,EGLC,51.5053,0.05528,,,,1110003600100002000300004000051000600007000080000
251,EGNT,55.0375,-1.69167,,,,1110003600100002000300004000051000600007000080000
252,EGPL,57.4811,-7.36278,36.0,^,green,1110003600100002000300004000051000600007000080000
253,EDGS,50.7077,8.08297,,,,1110003600100002000300004000051000600007000080000
254,EDLV,51.6024,6.14217,,,,1110003600100002000300004000051000600007000080000
255,EGEC,55.4372,-5.68639,,,,1110003600100002000300004000051000600007000080000
256,EGNR,53.1781,-2.97778,,,,1110003600100002000300004000051000600007000080000
257,EGPI,55.6819,-6.25667,,,,1110003600100002000300004000051000600007000080000
258,ESMQ,56.6855,16.2876,,,,1110003600100002000300004000051000600007000080000
259,ESMT,56.6911,12.8202,,,,1110003600100002000300004000051000600007000080000
260,ESNK,63.0486,17.7689,,,,1110003600100002000300004000051000600007000080000
261,ESNL,64.5483,18.7162,,,,1110003600100002000300004000051000600007000080000
262,ESNX,65.5903,19.2819,,,,1110003600100002000300004000051000600007000080000
263,ESOE,59.2237,15.038,,,,1110003600100002000300004000051000600007000080000
264,ESSL,58.4062,15.6805,,,,1110003600100002000300004000051000600007000080000
265,ESTA,56.2961,12.8471,,,,1110003600100002000300004000051000600007000080000
266,ESTL,56.0828,13.2125,,,,1110003600100002000300004000051000600007000080000
267,ESUT,65.8061,15.0828,,,,1110003600100002000300004000051000600007000080000
268,LGPA,37.0103,25.1281,,,,1110003600100002000300004000051000600007000080000
269,LOXZ,47.2028,14.7442,,,,1110003600100002000300004000051000600007000080000
270,LIMJ,44.4133,8.8375,,,,1110003600100002000300004000051000600007000080000
271,LIPH,45.6484,12.1944,,,,1110003600100002000300004000051000600007000080000
272,ESGJ,57.7576,14.0687,,,,1110003600100002000300004000051000600007000080000
273,ESGT,58.3181,12.345,,,,1110003600100002000300004000051000600007000080000
274,ESKM,60.9579,14.5114,,,,1110003600100002000300004000051000600007000080000
275,ESNG,67.1324,20.8146,,,,1110003600100002000300004000051000600007000080000
276,ESNS,64.6248,21.0769,,,,1110003600100002000300004000051000600007000080000
277,ENHK,70.4867,22.1397,,,,1110003600100002000300004000051000600007000080000
278,ENLK,68.1525,13.6094,,,,1110003600100002000300004000051000600007000080000
279,ENMH,71.0297,27.8267,,,,1110003600100002000300004000051000600007000080000
280,ENNM,64.4722,11.5786,,,,1110003600100002000300004000051000600007000080000
281,ENNO,59.5657,9.21222,,,,1110003600100002000300004000051000600007000080000
282,ENRS,67.5278,12.1033,,,,1110003600100002000300004000051000600007000080000
283,ENSK,68.57883,15.03342,,,,1110003600100002000300004000051000600007000080000
284,ENSO,59.7919,5.34085,,,,1110003600100002000300004000051000600007000080000
285,ENST,65.9568,12.4689,,,,1110003600100002000300004000051000600007000080000
286,ENVD,70.0653,29.8447,,,,1110003600100002000300004000051000600007000080000
287,LGAD,37.9207,21.2926,,,,1110003600100002000300004000051000600007000080000
288,LGKL,37.0683,22.0255,,,,1110003600100002000300004000051000600007000080000
289,LGSA,35.5317,24.1497,,,,1110003600100002000300004000051000600007000080000
290,LIBD,41.1389,16.7606,,,,1110003600100002000300004000051000600007000080000
291,LICC,37.4668,15.0664,,,,1110003600100002000300004000051000600007000080000
292,LIEE,39.2515,9.05428,,,,1110003600100002000300004000051000600007000080000
293,LIEO,40.8987,9.51763,,,,1110003600100002000300004000051000600007000080000
294,LIMC,45.6306,8.72811,,,,1110003600100002000300004000051000600007000080000
295,LIME,45.6739,9.70417,,,,1110003600100002000300004000051000600007000080000
296,LIMF,45.2008,7.64963,,,,1110003600100002000300004000051000600007000080000
297,LIML,45.4451,9.27674,,,,1110003600100002000300004000051000600007000080000
298,LIPE,44.5354,11.2887,,,,1110003600100002000300004000051000600007000080000
299,LIRF,41.8045,12.2508,,,,1110003600100002000300004000051000600007000080000
300,LIRP,43.6839,10.3927,,,,1110003600100002000300004000051000600007000080000
301,ENBS,70.6005,29.6914,36.0,h,magenta,1110003600100002000300004000051000600007000080000
302,ENHV,71.0097,25.9836,,,,1110003600100002000300004000051000600007000080000
303,ENMS,65.784,13.2149,,,,1110003600100002000300004000051000600007000080000
304,ENRM,64.8383,11.1461,,,,1110003600100002000300004000051000600007000080000
305,LGKO,36.7933,27.0917,,,,1110003600100002000300004000051000600007000080000
306,LGLM,39.9171,25.2363,,,,1110003600100002000300004000051000600007000080000
307,LGSM,37.69,26.9117,,,,1110003600100002000300004000051000600007000080000
308,LGTS,40.5197,22.9709,,,,1110003600100002000300004000051000600007000080000
309,LIBR,40.6576,17.947,,,,1110003600100002000300004000051000600007000080000
310,LICJ,38.176,13.091,,,,1110003600100002000300004000051000600007000080000
311,LIEA,40.6321,8.29077,,,,1110003600100002000300004000051000600007000080000
312,LIPQ,45.8275,13.4722,,,,1110003600100002000300004000051000600007000080000
313,LIPR,44.0203,12.6117,,,,1110003600100002000300004000051000600007000080000
314,LIPX,45.3957,10.8885,,,,1110003600100002000300004000051000600007000080000
315,LIPZ,45.5053,12.3519,,,,1110003600100002000300004000051000600007000080000
316,LIRA,41.7994,12.5949,,,,1110003600100002000300004000051000600007000080000
317,LIRQ,43.81,11.2051,,,,1110003600100002000300004000051000600007000080000
318,LOWK,46.6425,14.3377,,,,1110003600100002000300004000051000600007000080000
319,LOWW,48.1103,16.5697,,,,1110003600100002000300004000051000600007000080000
320,ENAT,69.9761,23.3717,,,,1110003600100002000300004000051000600007000080000
321,ENFL,61.5836,5.02472,,,,1110003600100002000300004000051000600007000080000
322,ENHF,70.6797,23.6686,,,,1110003600100002000300004000051000600007000080000
323,ENKB,63.1118,7.82452,,,,1110003600100002000300004000051000600007000080000
324,ENKR,69.7258,29.8913,,,,1110003600100002000300004000051000600007000080000
325,ENML,62.7447,7.2625,,,,1110003600100002000300004000051000600007000080000
326,ENOV,62.18,6.0741,,,,1110003600100002000300004000051000600007000080000
327,ENRA,66.3639,14.3014,,,,1110003600100002000300004000051000600007000080000
328,ENSD,61.83,6.10583,,,,1110003600100002000300004000051000600007000080000
329,LGKP,35.4214,27.146,,,,1110003600100002000300004000051000600007000080000
330,LGSK,39.1771,23.5037,,,,1110003600100002000300004000051000600007000080000
331,EDDB,52.36217,13.50067,,,,1110003600100002000300004000051000600007000080000
332,EDDC,51.1328,13.7672,,,,1110003600100002000300004000051000600007000080000
333,EDDE,50.9798,10.9581,,,,1110003600100002000300004000051000600007000080000
334,EDDF,50.0264,8.54313,,,,1110003600100002000300004000051000600007000080000
335,EDDG,52.1346,7.68483,,,,1110003600100002000300004000051000600007000080000
336,EDDH,53.6304,9.98823,,,,1110003600100002000300004000051000600007000080000
337,EDDM,48.3538,11.7861,,,,1110003600100002000300004000051000600007000080000
338,EDDN,49.4987,11.0669,,,,1110003600100002000300004000051000600007000080000
339,EDDP,51.4324,12.2416,,,,1110003600100002000300004000051000600007000080000
340,EDDR,49.2146,7.10951,,,,1110003600100002000300004000051000600007000080000
341,EDDS,48.6899,9.22196,,,,1110003600100002000300004000051000600007000080000
342,EDDV,52.4611,9.68508,,,,1110003600100002000300004000051000600007000080000
343,EDDW,53.0475,8.78667,,,,1110003600100002000300004000051000600007000080000
344,ENBL,61.3911,5.75694,,,,1110003600100002000300004000051000600007000080000
345,ENBV,70.8714,29.0342,,,,1110003600100002000300004000051000600007000080000
346,ENSG,61.1561,7.13778,,,,1110003600100002000300004000051000600007000080000
347,ENSR,69.7868,20.9594,,,,1110003600100002000300004000051000600007000080000
348,LGBL,39.2196,22.7943,,,,1110003600100002000300004000051000600007000080000
349,LGEL,38.0638,23.556,,,,1110003600100002000300004000051000600007000080000
350,LGKV,40.9133,24.6192,,,,1110003600100002000300004000051000600007000080000
351,LGMT,39.0567,26.5983,,,,1110003600100002000300004000051000600007000080000
352,LGSR,36.3992,25.4793,,,,1110003600100002000300004000051000600007000080000
353,LGZA,37.7509,20.8843,,,,1110003600100002000300004000051000600007000080000
354,LOWG,46.9911,15.4396,,,,1110003600100002000300004000051000600007000080000
355,LOWI,47.2602,11.344,,,,1110003600100002000300004000051000600007000080000
356,LOWL,48.2332,14.1875,,,,1110003600100002000300004000051000600007000080000
357,LOWS,47.7933,13.0043,,,,1110003600100002000300004000051000600007000080000
358,EDDK,50.8659,7.14274,,,,1110003600100002000300004000051000600007000080000
359,EDDL,51.2895,6.76678,,,,1110003600100002000300004000051000600007000080000
360,EGJJ,49.2079,-2.19551,,,,1110003600100002000300004000051000600007000080000
361,EGPD,57.2019,-2.19778,,,,1110003600100002000300004000051000600007000080000
362,EGPH,55.95,-3.3725,,,,1110003600100002000300004000051000600007000080000
363,EGPK,55.5094,-4.58667,,,,1110003600100002000300004000051000600007000080000
364,EGPO,58.2156,-6.33111,36.0,^,green,1110003600100002000300004000051000600007000080000
365,EKAH,56.3,10.619,,,,1110003600100002000300004000051000600007000080000
366,EKKA,56.2975,9.12463,,,,1110003600100002000300004000051000600007000080000
367,EKYT,57.09276,9.84924,,,,1110003600100002000300004000051000600007000080000
368,ENAN,69.2925,16.1442,,,,1110003600100002000300004000051000600007000080000
369,ENBO,67.2692,14.3653,,,,1110003600100002000300004000051000600007000080000
370,ENGM,60.1939,11.1004,,,,1110003600100002000300004000051000600007000080000
371,ENOL,63.6989,9.604,,,,1110003600100002000300004000051000600007000080000
372,ENSH,68.2433,14.6692,,,,1110003600100002000300004000051000600007000080000
373,ENTC,69.6833,18.9189,,,,1110003600100002000300004000051000600007000080000
374,EBAW,51.1894,4.46028,,,,1110003600100002000300004000051000600007000080000
375,EBBR,50.9014,4.48444,,,,1110003600100002000300004000051000600007000080000
376,EBCI,50.4592,4.45382,,,,1110003600100002000300004000051000600007000080000
377,EBLG,50.6374,5.44322,,,,1110003600100002000300004000051000600007000080000
378,EBOS,51.1989,2.86222,,,,1110003600100002000300004000051000600007000080000
379,EDAC,50.98195,12.50639,,,,1110003600100002000300004000051000600007000080000
380,EDAH,53.8787,14.1523,,,,1110003600100002000300004000051000600007000080000
381,EDHI,53.53528,9.83556,,,,1110003600100002000300004000051000600007000080000
382,EDHL,53.8054,10.7192,,,,1110003600100002000300004000051000600007000080000
383,EDLN,51.23028,6.50444,,,,1110003600100002000300004000051000600007000080000
384,EDLW,51.5183,7.61224,,,,1110003600100002000300004000051000600007000080000
385,EDMA,48.42528,10.93167,,,,1110003600100002000300004000051000600007000080000
386,EDNY,47.6713,9.51149,,,,1110003600100002000300004000051000600007000080000
387,EDSB,48.7794,8.0805,,,,1110003600100002000300004000051000600007000080000
388,EDVE,52.3192,10.5561,,,,1110003600100002000300004000051000600007000080000
389,EDVK,51.40833,9.3775,,,,1110003600100002000300004000051000600007000080000
390,ELLX,49.6266,6.21152,,,,1110003600100002000300004000051000600007000080000
391,ENBN,65.4611,12.2175,,,,1110003600100002000300004000051000600007000080000
392,ENEV,68.4913,16.6781,36.0,T,green,1110003600100002000300004000051000600007000080000
393,ENNA,70.0688,24.9735,,,,1110003600100002000300004000051000600007000080000
394,ENSS,70.3554,31.0449,,,,1110003600100002000300004000051000600007000080000
395,LGRX,38.1511,21.4256,,,,1110003600100002000300004000051000600007000080000
396,EGBJ,51.8942,-2.16722,,,,1110003600100002000300004000051000600007000080000
397,EGSC,52.205,0.175,,,,1110003600100002000300004000051000600007000080000
398,EDFH,49.9487,7.26389,,,,1110003600100002000300004000051000600007000080000
399,EDHK,54.37944,10.14528,,,,1110003600100002000300004000051000600007000080000
400,EDMO,48.0814,11.2831,,,,1110003600100002000300004000051000600007000080000
401,LIBP,42.4317,14.1811,,,,1110003600100002000300004000051000600007000080000
402,LICA,38.9054,16.2423,,,,1110003600100002000300004000051000600007000080000
403,LICR,38.0712,15.6516,,,,1110003600100002000300004000051000600007000080000
404,LIPY,43.6163,13.3623,,,,1110003600100002000300004000051000600007000080000
405,LICD,35.4979,12.6181,,,,1110003600100002000300004000051000600007000080000
406,LIRZ,43.0959,12.5132,,,,1110003600100002000300004000051000600007000080000
407,EHDL,52.0606,5.87306,,,,1110003600100002000300004000051000600007000080000
408,EHGR,51.5674,4.93183,,,,1110003600100002000300004000051000600007000080000
409,EHLE,52.4603,5.52722,,,,1110003600100002000300004000051000600007000080000
410,EHLW,53.2286,5.76056,,,,1110003600100002000300004000051000600007000080000
411,EHVK,51.6564,5.70861,,,,1110003600100002000300004000051000600007000080000
412,EHWO,51.4491,4.34203,,,,1110003600100002000300004000051000600007000080000
413,EGOW,53.5816,-3.05552,,,,1110003600100002000300004000051000600007000080000
414,EFKI,64.2855,27.6924,,,,1110003600100002000300004000051000600007000080000
415,EFKU,63.0071,27.7978,,,,1110003600100002000300004000051000600007000080000
416,EGAA,54.6575,-6.21583,36.0,^,green,1110003600100002000300004000051000600007000080000
417,EGAC,54.6181,-5.8725,36.0,^,green,1110003600100002000300004000051000600007000080000
418,EGBB,52.4539,-1.74803,,,,1110003600100002000300004000051000600007000080000
419,EGHH,50.78,-1.8425,,,,1110003600100002000300004000051000600007000080000
420,EGJA,49.7061,-2.21472,,,,1110003600100002000300004000051000600007000080000
421,EGKA,50.8356,-0.29722,,,,1110003600100002000300004000051000600007000080000
422,EGKB,51.3308,0.0325,,,,1110003600100002000300004000051000600007000080000
423,EGLL,51.4706,-0.46194,,,,1110003600100002000300004000051000600007000080000
424,EGMC,51.5714,0.69556,,,,1110003600100002000300004000051000600007000080000
425,EGNH,53.7717,-3.02861,,,,1110003600100002000300004000051000600007000080000
426,EGNJ,53.5744,-0.35083,,,,1110003600100002000300004000051000600007000080000
427,EGNX,52.8311,-1.32806,,,,1110003600100002000300004000051000600007000080000
428,EGPC,58.4589,-3.09306,,,,1110003600100002000300004000051000600007000080000
429,EGPE,57.5425,-4.0475,,,,1110003600100002000300004000051000600007000080000
430,EGPF,55.8719,-4.43306,,,,1110003600100002000300004000051000600007000080000
431,EGPN,56.4525,-3.02583,,,,1110003600100002000300004000051000600007000080000
432,EGSS,51.885,0.235,,,,1110003600100002000300004000051000600007000080000
433,EGTC,52.0722,-0.61667,,,,1110003600100002000300004000051000600007000080000
434,LGMK,37.4351,25.3481,,,,1110003600100002000300004000051000600007000080000
435,LOXT,48.3167,16.1167,,,,1110003600100002000300004000051000600007000080000
436,EGOV,53.2481,-4.53534,36.0,',green,1110003600100002000300004000051000600007000080000
437,EGVP,51.1394,-1.56861,,,,1110003600100002000300004000051000600007000080000
438,ESSA,59.6519,17.9186,,,,1110003600100002000300004000051000600007000080000
439,EHEH,51.4501,5.37453,,,,1110003600100002000300004000051000600007000080000
440,EGUN,52.3619,0.48641,,,,1110003600100002000300004000051000600007000080000
441,LIRN,40.886,14.2908,,,,1110003600100002000300004000051000600007000080000
442,EDFM,49.47306,8.51417,,,,1110003600100002000300004000051000600007000080000
443,EDLP,51.6141,8.61632,,,,1110003600100002000300004000051000600007000080000
444,EDQM,50.28861,11.85639,,,,1110003600100002000300004000051000600007000080000
445,EDTL,48.3693,7.82772,,,,1110003600100002000300004000051000600007000080000
446,ETHA,47.8355,10.8712,,,,1110003600100002000300004000051000600007000080000
447,ETHB,52.2785,9.08217,,,,1110003600100002000300004000051000600007000080000
448,ETHC,52.5912,10.0221,,,,1110003600100002000300004000051000600007000080000
449,ETHF,51.1146,9.286,,,,1110003600100002000300004000051000600007000080000
450,ETHL,48.2203,9.91002,,,,1110003600100002000300004000051000600007000080000
451,ETHN,49.39194,9.95889,,,,1110003600100002000300004000051000600007000080000
452,ETHS,52.9194,10.1975,,,,1110003600100002000300004000051000600007000080000
453,ETMN,53.7677,8.6585,,,,1110003600100002000300004000051000600007000080000
454,ETND,52.58556,8.34222,,,,1110003600100002000300004000051000600007000080000
455,ETNH,54.3122,9.53817,,,,1110003600100002000300004000051000600007000080000
456,ETNL,53.9182,12.2783,,,,1110003600100002000300004000051000600007000080000
457,ETNN,50.8312,6.65817,,,,1110003600100002000300004000051000600007000080000
458,ETNS,54.4593,9.51633,,,,1110003600100002000300004000051000600007000080000
459,ETNW,52.4573,9.42717,,,,1110003600100002000300004000051000600007000080000
460,ETSB,50.1738,7.06333,,,,1110003600100002000300004000051000600007000080000
461,ETSH,51.7678,13.1677,,,,1110003600100002000300004000051000600007000080000
462,ETSI,48.7157,11.534,,,,1110003600100002000300004000051000600007000080000
463,ETSL,48.1855,10.8612,,,,1110003600100002000300004000051000600007000080000
464,ETSN,48.711,11.2115,,,,1110003600100002000300004000051000600007000080000
465,ETWM,52.7232,7.32633,,,,1110003600100002000300004000051000600007000080000
466,EGDM,51.1522,-1.74741,,,,1110003600100002000300004000051000600007000080000
467,EGDR,50.0861,-5.25571,36.0,^,green,1110003600100002000300004000051000600007000080000
468,EGOS,52.7982,-2.66804,,,,1110003600100002000300004000051000600007000080000
469,EGUB,51.6164,-1.09583,,,,1110003600100002000300004000051000600007000080000
470,EGVN,51.75,-1.58362,,,,1110003600100002000300004000051000600007000080000
471,EGWU,51.553,-0.41817,,,,1110003600100002000300004000051000600007000080000
472,EGXE,54.2924,-1.5354,,,,1110003600100002000300004000051000600007000080000
473,EGYD,53.0303,-0.48324,,,,1110003600100002000300004000051000600007000080000
474,EGYM,52.6484,0.55069,,,,1110003600100002000300004000051000600007000080000
475,LTCS,37.44566,38.89559,,,,1110003600100002000300004000051000600007000080000
476,LTFM,41.27533,28.752,36.0,N,yellow,1110003600100002000300004000051000600007000080000
477,EGPB,59.8789,-1.29556,,,,1110003600100002000300004000051000600007000080000
478,LTAZ,38.7719,34.5345,,,,1110003600100002000300004000051000600007000080000
479,LTBR,40.2552,29.5626,,,,1110003600100002000300004000051000600007000080000
480,LTFC,37.8554,30.3684,36.0,2,red,1110003600100002000300004000051000600007000080000
481,LTFJ,40.8986,29.3092,,,,1110003600100002000300004000051000600007000080000
482,ETNT,53.5478,7.66733,,,,1110003600100002000300004000051000600007000080000
483,EHAM,52.3086,4.76389,,,,1110003600100002000300004000051000600007000080000
484,EHBK,50.9117,5.77014,,,,1110003600100002000300004000051000600007000080000
485,EHGG,53.1197,6.57944,,,,1110003600100002000300004000051000600007000080000
486,EHKD,52.9234,4.78062,,,,1110003600100002000300004000051000600007000080000
487,EHRD,51.9569,4.43722,,,,1110003600100002000300004000051000600007000080000
488,EKSP,55.2256,9.26393,,,,1110003600100002000300004000051000600007000080000
489,LFCK,43.5563,2.28918,,,,1110003600100002000300004000051000600007000080000
490,LFLP,45.9292,6.09876,,,,1110003600100002000300004000051000600007000080000
491,LFLU,44.9216,4.9699,,,,1110003600100002000300004000051000600007000080000
492,LFQA,49.2087,4.15658,,,,1110003600100002000300004000051000600007000080000
493,LFAC,50.9621,1.95476,,,,1110003600100002000300004000051000600007000080000
494,LFGA,48.1099,7.35901,,,,1110003600100002000300004000051000600007000080000
495,LFJR,47.5603,-0.31222,,,,1110003600100002000300004000051000600007000080000
496,LFRU,48.6032,-3.81578,36.0,^,green,1110003600100002000300004000051000600007000080000
497,LFLH,46.8261,4.81763,,,,1110003600100002000300004000051000600007000080000
498,LFPT,49.0966,2.04083,,,,1110003600100002000300004000051000600007000080000
499,EPBY,53.0968,17.9777,,,,1110003600100002000300004000051000600007000080000
500,EPRA,51.38883,21.21167,,,,1110003600100002000300004000051000600007000080000
501,EPSY,53.48194,20.93778,,,,1110003600100002000300004000051000600007000080000
502,EPZG,52.1385,15.7986,,,,1110003600100002000300004000051000600007000080000
503,LHKE,46.9175,19.7492,,,,1110003600100002000300004000051000600007000080000
504,LHPA,47.3636,17.5008,,,,1110003600100002000300004000051000600007000080000
505,LHPR,47.6244,17.8136,,,,1110003600100002000300004000051000600007000080000
506,LHSM,46.6864,17.1591,,,,1110003600100002000300004000051000600007000080000
507,LHSN,47.1229,20.2355,,,,1110003600100002000300004000051000600007000080000
508,LBGO,43.1514,25.7129,,,,1110003600100002000300004000051000600007000080000
509,LFBY,43.6892,-1.06889,,,,1110003600100002000300004000051000600007000080000
510,LFLN,46.4125,4.01326,,,,1110003600100002000300004000051000600007000080000
511,LTAC,40.1281,32.9951,,,,1110003600100002000300004000051000600007000080000
512,LTAG,37.0021,35.4259,,,,1110003600100002000300004000051000600007000080000
513,LTAI,36.8987,30.8005,,,,1110003600100002000300004000051000600007000080000
514,LTAP,40.8294,35.522,,,,1110003600100002000300004000051000600007000080000
515,LTBU,41.1382,27.9191,,,,1110003600100002000300004000051000600007000080000
516,LTCC,37.8939,40.201,36.0,2,red,1110003600100002000300004000051000600007000080000
517,LTAF,36.9822,35.2804,,,,1110003600100002000300004000051000600007000080000
518,LTAJ,36.9472,37.4787,,,,1110003600100002000300004000051000600007000080000
519,LTAT,38.4353,38.091,,,,1110003600100002000300004000051000600007000080000
520,LTAU,38.7704,35.4954,,,,1110003600100002000300004000051000600007000080000
521,LTBA,40.9769,28.8146,,,,1110003600100002000300004000051000600007000080000
522,LTBJ,38.2924,27.157,,,,1110003600100002000300004000051000600007000080000
523,LTBS,36.7131,28.7925,,,,1110003600100002000300004000051000600007000080000
524,LTCE,39.9565,41.1702,36.0,2,red,1110003600100002000300004000051000600007000080000
525,LTCG,40.9951,39.7897,36.0,T,green,1110003600100002000300004000051000600007000080000
526,LTCJ,37.929,41.1166,,,,1110003600100002000300004000051000600007000080000
527,LTFE,37.2506,27.6643,,,,1110003600100002000300004000051000600007000080000
528,LFYR,47.3208,1.68889,,,,1110003600100002000300004000051000600007000080000
529,LYBT,44.9353,20.2575,,,,1110003600100002000300004000051000600007000080000
530,LYVR,45.1469,21.3099,,,,1110003600100002000300004000051000600007000080000
531,EGXV,53.8758,-0.435,,,,1110003600100002000300004000051000600007000080000
532,EBFS,50.2433,4.64583,,,,1110003600100002000300004000051000600007000080000
533,EPLL,51.7219,19.3981,,,,1110003600100002000300004000051000600007000080000
534,EPWR,51.1027,16.8858,,,,1110003600100002000300004000051000600007000080000
535,LFBE,44.8253,0.51861,,,,1110003600100002000300004000051000600007000080000
536,LFBG,45.6583,-0.3175,,,,1110003600100002000300004000051000600007000080000
537,LFCR,44.4079,2.48267,,,,1110003600100002000300004000051000600007000080000
538,LFJL,48.9821,6.25132,,,,1110003600100002000300004000051000600007000080000
539,LFMK,43.216,2.30632,,,,1110003600100002000300004000051000600007000080000
540,LFMO,44.1405,4.86672,,,,1110003600100002000300004000051000600007000080000
541,LFMU,43.3235,3.3539,,,,1110003600100002000300004000051000600007000080000
542,LHDC,47.4889,21.6153,,,,1110003600100002000300004000051000600007000080000
543,LHPP,45.9909,18.241,,,,1110003600100002000300004000051000600007000080000
544,LZPP,48.6252,17.8284,,,,1110003600100002000300004000051000600007000080000
545,LZZI,49.2315,18.6135,,,,1110003600100002000300004000051000600007000080000
546,EGAE,55.0428,-7.16111,,,,1110003600100002000300004000051000600007000080000
547,EGDY,51.0094,-2.63882,,,,1110003600100002000300004000051000600007000080000
548,EGQS,57.7052,-3.33917,,,,1110003600100002000300004000051000600007000080000
549,EGUW,52.1273,0.95626,,,,1110003600100002000300004000051000600007000080000
550,EGVO,51.2341,-0.94283,,,,1110003600100002000300004000051000600007000080000
551,EGXC,53.093,-0.16601,,,,1110003600100002000300004000051000600007000080000
552,LKKV,50.203,12.915,,,,1110003600100002000300004000051000600007000080000
553,LJCE,45.9,15.5302,,,,1110003600100002000300004000051000600007000080000
554,LFOV,48.0314,-0.74299,,,,1110003600100002000300004000051000600007000080000
555,LFRV,47.7233,-2.71856,,,,1110003600100002000300004000051000600007000080000
556,LFSG,48.325,6.06998,,,,1110003600100002000300004000051000600007000080000
557,LFAQ,49.9715,2.69766,,,,1110003600100002000300004000051000600007000080000
558,LFBU,45.7292,0.22146,,,,1110003600100002000300004000051000600007000080000
559,LFOZ,47.8969,2.16333,,,,1110003600100002000300004000051000600007000080000
560,LFSM,47.487,6.79054,,,,1110003600100002000300004000051000600007000080000
561,LYKV,43.8183,20.5872,,,,1110003600100002000300004000051000600007000080000
562,LEMI,37.803,-1.125,,,,1110003600100002000300004000051000600007000080000
563,LECH,40.21417,0.07333,,,,1110003600100002000300004000051000600007000080000
564,UUDL,57.5607,40.1574,36.0,q,green,1110003600100002000300004000051000600007000080000
565,UUMO,55.5117,37.5072,,,,1110003600100002000300004000051000600007000080000
566,UUBW,55.5533,38.15,,,,1110003600100002000300004000051000600007000080000
567,UUOL,52.7028,39.5378,,,,1110003600100002000300004000051000600007000080000
568,ULPB,61.8852,34.1547,,,,1110003600100002000300004000051000600007000080000
569,URMG,43.3883,45.6986,,,,1110003600100002000300004000051000600007000080000
570,URMO,43.2051,44.6066,,,,1110003600100002000300004000051000600007000080000
571,URRP,47.50083,39.93361,,,,1110003600100002000300004000051000600007000080000
572,ULWC,59.27667,38.02833,,,,1110003600100002000300004000051000600007000080000
573,UUBC,54.55,36.36667,,,,1110003600100002000300004000051000600007000080000
574,UUOB,50.6438,36.5901,,,,1110003600100002000300004000051000600007000080000
575,UUOK,51.7506,36.2956,,,,1110003600100002000300004000051000600007000080000
576,UWPS,54.12513,45.21226,,,,1110003600100002000300004000051000600007000080000
577,UWKS,56.0903,47.3473,,,,1110003600100002000300004000051000600007000080000
578,LPCS,38.725,-9.35523,,,,1110003600100002000300004000051000600007000080000
579,LEHC,42.0761,-0.31667,,,,1110003600100002000300004000051000600007000080000
580,LESU,42.3386,1.40917,,,,1110003600100002000300004000051000600007000080000
581,LESB,39.5989,2.70278,36.0,2,red,1110003600100002000300004000051000600007000080000
582,LQMO,43.2829,17.8459,,,,1110003600100002000300004000051000600007000080000
583,LRBC,46.5219,26.9103,,,,1110003600100002000300004000051000600007000080000
584,LRIA,47.1785,27.6206,,,,1110003600100002000300004000051000600007000080000
585,LROD,47.0253,21.9025,,,,1110003600100002000300004000051000600007000080000
586,LRSV,47.6875,26.3541,,,,1110003600100002000300004000051000600007000080000
587,EBCV,50.5758,3.831,,,,1110003600100002000300004000051000600007000080000
588,LFBF,43.5456,1.3675,,,,1110003600100002000300004000051000600007000080000
589,LFBX,45.1981,0.81556,,,,1110003600100002000300004000051000600007000080000
590,LRBM,47.6584,23.47,,,,1110003600100002000300004000051000600007000080000
591,LRCL,46.7852,23.6862,,,,1110003600100002000300004000051000600007000080000
592,LRCV,44.3181,23.8886,,,,1110003600100002000300004000051000600007000080000
593,LEBG,42.3576,-3.62076,,,,1110003600100002000300004000051000600007000080000
594,LRSB,45.7856,24.0913,,,,1110003600100002000300004000051000600007000080000
595,LRSM,47.7033,22.8857,,,,1110003600100002000300004000051000600007000080000
596,LUKK,46.9277,28.931,,,,1110003600100002000300004000051000600007000080000
597,GEML,35.2798,-2.95626,,,,1110003600100002000300004000051000600007000080000
598,EBFN,51.0903,2.65278,,,,1110003600100002000300004000051000600007000080000
599,EPGD,54.3776,18.4662,,,,1110003600100002000300004000051000600007000080000
600,EPKK,50.0777,19.7848,,,,1110003600100002000300004000051000600007000080000
601,EPKT,50.4743,19.08,,,,1110003600100002000300004000051000600007000080000
602,EPLB,51.24028,22.71361,,,,1110003600100002000300004000051000600007000080000
603,EPMO,52.4511,20.6518,,,,1110003600100002000300004000051000600007000080000
604,EPPO,52.421,16.8263,,,,1110003600100002000300004000051000600007000080000
605,EPRZ,50.11,22.019,,,,1110003600100002000300004000051000600007000080000
606,EPSC,53.5847,14.9022,,,,1110003600100002000300004000051000600007000080000
607,EPWA,52.1657,20.9671,,,,1110003600100002000300004000051000600007000080000
608,LBBG,42.5696,27.5152,36.0,^,green,1110003600100002000300004000051000600007000080000
609,LBPD,42.0678,24.8508,,,,1110003600100002000300004000051000600007000080000
610,LBSF,42.69669,23.41144,,,,1110003600100002000300004000051000600007000080000
611,LBWN,43.2321,27.8251,36.0,',green,1110003600100002000300004000051000600007000080000
612,LHBP,47.4369,19.2556,,,,1110003600100002000300004000051000600007000080000
613,LRAR,46.1766,21.262,,,,1110003600100002000300004000051000600007000080000
614,LRBS,44.5032,26.1021,36.0,^,green,1110003600100002000300004000051000600007000080000
615,LRCK,44.3622,28.4883,,,,1110003600100002000300004000051000600007000080000
616,LROP,44.5722,26.1022,36.0,q,green,1110003600100002000300004000051000600007000080000
617,LRTC,45.0625,28.7143,,,,1110003600100002000300004000051000600007000080000
618,LRTM,46.4677,24.4125,,,,1110003600100002000300004000051000600007000080000
619,LRTR,45.8099,21.3379,,,,1110003600100002000300004000051000600007000080000
620,LDDU,42.5614,18.2682,,,,1110003600100002000300004000051000600007000080000
621,LDOS,45.4627,18.8102,,,,1110003600100002000300004000051000600007000080000
622,LDPL,44.8935,13.9222,,,,1110003600100002000300004000051000600007000080000
623,LDRI,45.2169,14.5703,,,,1110003600100002000300004000051000600007000080000
624,LDSP,43.5389,16.298,,,,1110003600100002000300004000051000600007000080000
625,LDZA,45.7429,16.0688,,,,1110003600100002000300004000051000600007000080000
626,LDZD,44.1083,15.3467,,,,1110003600100002000300004000051000600007000080000
627,LJLJ,46.2237,14.4576,,,,1110003600100002000300004000051000600007000080000
628,LJMB,46.4799,15.6861,,,,1110003600100002000300004000051000600007000080000
629,LJPZ,45.4734,13.615,,,,1110003600100002000300004000051000600007000080000
630,LKMT,49.6963,18.1111,,,,1110003600100002000300004000051000600007000080000
631,LKPR,50.1008,14.26,,,,1110003600100002000300004000051000600007000080000
632,LKTB,49.1513,16.6944,,,,1110003600100002000300004000051000600007000080000
633,LQSA,43.8246,18.3315,,,,1110003600100002000300004000051000600007000080000
634,LYBE,44.8184,20.3091,,,,1110003600100002000300004000051000600007000080000
635,LYNI,43.3373,21.8537,,,,1110003600100002000300004000051000600007000080000
636,LYPG,42.3594,19.2519,,,,1110003600100002000300004000051000600007000080000
637,LYTV,42.4047,18.7233,,,,1110003600100002000300004000051000600007000080000
638,LZIB,48.1702,17.2127,,,,1110003600100002000300004000051000600007000080000
639,LZKZ,48.6631,21.2411,,,,1110003600100002000300004000051000600007000080000
640,LZTT,49.0736,20.2411,,,,1110003600100002000300004000051000600007000080000
641,LFAT,50.5174,1.62059,,,,1110003600100002000300004000051000600007000080000
642,LFBD,44.8283,-0.71556,,,,1110003600100002000300004000051000600007000080000
643,LFBH,46.1792,-1.19528,,,,1110003600100002000300004000051000600007000080000
644,LFBI,46.5877,0.30667,,,,1110003600100002000300004000051000600007000080000
645,LFBO,43.6291,1.36382,,,,1110003600100002000300004000051000600007000080000
646,LFBP,43.38,-0.41861,,,,1110003600100002000300004000051000600007000080000
647,LFBZ,43.4684,-1.52332,,,,1110003600100002000300004000051000600007000080000
648,LFGJ,47.039,5.42725,,,,1110003600100002000300004000051000600007000080000
649,LFKB,42.5527,9.48373,,,,1110003600100002000300004000051000600007000080000
650,LFKC,42.5308,8.79319,,,,1110003600100002000300004000051000600007000080000
651,LFKJ,41.9236,8.80292,,,,1110003600100002000300004000051000600007000080000
652,LFLB,45.6381,5.88023,,,,1110003600100002000300004000051000600007000080000
653,LFLL,45.7264,5.09083,,,,1110003600100002000300004000051000600007000080000
654,LFLS,45.3629,5.32937,,,,1110003600100002000300004000051000600007000080000
655,LFLY,45.7272,4.94427,,,,1110003600100002000300004000051000600007000080000
656,LFMD,43.542,6.95348,,,,1110003600100002000300004000051000600007000080000
657,LFMH,45.5406,4.29639,,,,1110003600100002000300004000051000600007000080000
658,LFML,43.43927,5.22142,,,,1110003600100002000300004000051000600007000080000
659,LFMN,43.6584,7.21587,,,,1110003600100002000300004000051000600007000080000
660,LFMP,42.7404,2.87067,,,,1110003600100002000300004000051000600007000080000
661,LFOB,49.4544,2.11278,,,,1110003600100002000300004000051000600007000080000
662,LFOH,49.5339,0.08806,,,,1110003600100002000300004000051000600007000080000
663,LFOT,47.4322,0.72761,,,,1110003600100002000300004000051000600007000080000
664,LFPN,48.7519,2.10619,,,,1110003600100002000300004000051000600007000080000
665,LFPO,48.7253,2.35944,,,,1110003600100002000300004000051000600007000080000
666,LFRG,49.3653,0.15431,,,,1110003600100002000300004000051000600007000080000
667,LFRZ,47.3122,-2.14918,,,,1110003600100002000300004000051000600007000080000
668,LFSB,47.5896,7.52991,,,,1110003600100002000300004000051000600007000080000
669,LFSN,48.6921,6.23046,,,,1110003600100002000300004000051000600007000080000
670,LFST,48.5383,7.62823,,,,1110003600100002000300004000051000600007000080000
671,LFTW,43.7574,4.41635,,,,1110003600100002000300004000051000600007000080000
672,LFBA,44.1747,0.59056,,,,1110003600100002000300004000051000600007000080000
673,LFBC,44.5333,-1.125,,,,1110003600100002000300004000051000600007000080000
674,LFBM,43.9117,-0.5075,,,,1110003600100002000300004000051000600007000080000
675,LFKF,41.5006,9.09778,,,,1110003600100002000300004000051000600007000080000
676,LFLV,46.1697,3.40374,,,,1110003600100002000300004000051000600007000080000
677,LFOE,49.0287,1.21986,,,,1110003600100002000300004000051000600007000080000
678,LFOP,49.3842,1.1748,,,,1110003600100002000300004000051000600007000080000
679,LFPB,48.9694,2.44139,,,,1110003600100002000300004000051000600007000080000
680,LFPG,49.0128,2.55,,,,1110003600100002000300004000051000600007000080000
681,LFPV,48.7744,2.20154,,,,1110003600100002000300004000051000600007000080000
682,LFQB,48.3221,4.0167,,,,1110003600100002000300004000051000600007000080000
683,LFQQ,50.5619,3.08944,,,,1110003600100002000300004000051000600007000080000
684,LFSD,47.2689,5.09,,,,1110003600100002000300004000051000600007000080000
685,LFSI,48.636,4.89942,,,,1110003600100002000300004000051000600007000080000
686,LFSO,48.5831,5.955,,,,1110003600100002000300004000051000600007000080000
687,LFSX,47.7831,6.36406,,,,1110003600100002000300004000051000600007000080000
688,LFTH,43.0973,6.14603,,,,1110003600100002000300004000051000600007000080000
689,LPMA,32.6979,-16.7745,,,,1110003600100002000300004000051000600007000080000
690,ULAA,64.6003,40.7167,,,,1110003600100002000300004000051000600007000080000
691,UMBB,52.1083,23.8981,,,,1110003600100002000300004000051000600007000080000
692,UMGG,52.527,31.0167,,,,1110003600100002000300004000051000600007000080000
693,UMMG,53.602,24.0538,,,,1110003600100002000300004000051000600007000080000
694,ULMM,68.7817,32.7508,,,,1110003600100002000300004000051000600007000080000
695,URKA,45.0021,37.3473,,,,1110003600100002000300004000051000600007000080000
696,URKK,45.0347,39.1705,,,,1110003600100002000300004000051000600007000080000
697,URMN,43.5129,43.6366,,,,1110003600100002000300004000051000600007000080000
698,URMT,45.1092,42.1128,,,,1110003600100002000300004000051000600007000080000
699,URSS,43.4499,39.9566,,,,1110003600100002000300004000051000600007000080000
700,URWA,46.2833,48.0063,,,,1110003600100002000300004000051000600007000080000
701,URWI,46.3739,44.3309,36.0,q,green,1110003600100002000300004000051000600007000080000
702,URWW,48.7825,44.3455,,,,1110003600100002000300004000051000600007000080000
703,UUOO,51.8142,39.2296,,,,1110003600100002000300004000051000600007000080000
704,UUYY,61.647,50.8451,,,,1110003600100002000300004000051000600007000080000
705,UWGG,56.2301,43.784,,,,1110003600100002000300004000051000600007000080000
706,UWKD,55.6062,49.2787,,,,1110003600100002000300004000051000600007000080000
707,UWKE,55.5647,52.0925,,,,1110003600100002000300004000051000600007000080000
708,UWWW,53.5049,50.1643,,,,1110003600100002000300004000051000600007000080000
709,LEAL,38.2822,-0.55816,,,,1110003600100002000300004000051000600007000080000
710,LEAM,36.8439,-2.3701,,,,1110003600100002000300004000051000600007000080000
711,LEAS,43.5636,-6.03462,36.0,^,green,1110003600100002000300004000051000600007000080000
712,LEBB,43.3011,-2.91061,,,,1110003600100002000300004000051000600007000080000
713,LEBL,41.2971,2.07846,,,,1110003600100002000300004000051000600007000080000
714,LECO,43.3021,-8.37726,,,,1110003600100002000300004000051000600007000080000
715,LEDA,41.72819,0.53502,,,,1110003600100002000300004000051000600007000080000
716,LEGE,41.901,2.76055,,,,1110003600100002000300004000051000600007000080000
717,LEGR,37.1887,-3.77736,,,,1110003600100002000300004000051000600007000080000
718,LEIB,38.8729,1.37312,,,,1110003600100002000300004000051000600007000080000
719,LEJR,36.7446,-6.06011,,,,1110003600100002000300004000051000600007000080000
720,LELC,37.775,-0.81239,,,,1110003600100002000300004000051000600007000080000
721,LELL,41.5209,2.10508,,,,1110003600100002000300004000051000600007000080000
722,LEMD,40.4936,-3.56676,,,,1110003600100002000300004000051000600007000080000
723,LEMG,36.6749,-4.49911,,,,1110003600100002000300004000051000600007000080000
724,LEMH,39.8626,4.21865,,,,1110003600100002000300004000051000600007000080000
725,LEPA,39.5517,2.73881,,,,1110003600100002000300004000051000600007000080000
726,LEPP,42.77,-1.64633,,,,1110003600100002000300004000051000600007000080000
727,LERS,41.1474,1.16717,,,,1110003600100002000300004000051000600007000080000
728,LESO,43.3565,-1.79061,,,,1110003600100002000300004000051000600007000080000
729,LEST,42.8963,-8.41514,,,,1110003600100002000300004000051000600007000080000
730,LEVD,41.7061,-4.85194,,,,1110003600100002000300004000051000600007000080000
731,LEVT,42.8828,-2.72447,,,,1110003600100002000300004000051000600007000080000
732,LEVX,42.2318,-8.62677,,,,1110003600100002000300004000051000600007000080000
733,LEXJ,43.4271,-3.82001,,,,1110003600100002000300004000051000600007000080000
734,LEZG,41.6662,-1.04155,,,,1110003600100002000300004000051000600007000080000
735,LEZL,37.418,-5.89311,,,,1110003600100002000300004000051000600007000080000
736,LEGA,37.1332,-3.63569,,,,1110003600100002000300004000051000600007000080000
737,LELN,42.589,-5.65556,,,,1110003600100002000300004000051000600007000080000
738,LESA,40.9521,-5.50199,,,,1110003600100002000300004000051000600007000080000
739,LFLX,46.8622,1.73067,,,,1110003600100002000300004000051000600007000080000
740,LFMV,43.9073,4.90183,,,,1110003600100002000300004000051000600007000080000
741,LFOK,48.7761,4.18449,,,,1110003600100002000300004000051000600007000080000
742,ULOO,57.7839,28.3956,,,,1110003600100002000300004000051000600007000080000
743,UMKK,54.89,20.5926,,,,1110003600100002000300004000051000600007000080000
744,URML,42.8168,47.6523,,,,1110003600100002000300004000051000600007000080000
745,UWLL,54.2683,48.2267,,,,1110003600100002000300004000051000600007000080000
746,EIDL,55.0442,-8.341,,,,1110003600100002000300004000051000600007000080000
747,EIKY,52.1809,-9.52378,36.0,q,green,1110003600100002000300004000051000600007000080000
748,EIME,53.3017,-6.45133,,,,1110003600100002000300004000051000600007000080000
749,EISG,54.2802,-8.59921,,,,1110003600100002000300004000051000600007000080000
750,LEAB,38.9485,-1.86352,36.0,2,red,1110003600100002000300004000051000600007000080000
751,LEBA,37.842,-4.84888,,,,1110003600100002000300004000051000600007000080000
752,LEBZ,38.8913,-6.82133,36.0,^,green,1110003600100002000300004000051000600007000080000
753,LEGT,40.2941,-3.72383,,,,1110003600100002000300004000051000600007000080000
754,LELO,42.46095,-2.32224,,,,1110003600100002000300004000051000600007000080000
755,LERI,37.9511,-1.23032,,,,1110003600100002000300004000051000600007000080000
756,LETO,40.4967,-3.44587,,,,1110003600100002000300004000051000600007000080000
757,LPFR,37.0144,-7.96591,,,,1110003600100002000300004000051000600007000080000
758,LPPR,41.2481,-8.68139,,,,1110003600100002000300004000051000600007000080000
759,LPPS,33.0734,-16.35,,,,1110003600100002000300004000051000600007000080000
760,LFBL,45.8628,1.17944,,,,1110003600100002000300004000051000600007000080000
761,LFBT,43.1787,-0.00644,,,,1110003600100002000300004000051000600007000080000
762,LFKS,41.9244,9.406,,,,1110003600100002000300004000051000600007000080000
763,LFMC,43.3847,6.38714,,,,1110003600100002000300004000051000600007000080000
764,LFMY,43.6064,5.10925,,,,1110003600100002000300004000051000600007000080000
765,LFOA,47.0533,2.6325,,,,1110003600100002000300004000051000600007000080000
766,LFOJ,47.9878,1.76056,,,,1110003600100002000300004000051000600007000080000
767,LFRD,48.5877,-2.07996,,,,1110003600100002000300004000051000600007000080000
768,LFRK,49.1733,-0.45,,,,1110003600100002000300004000051000600007000080000
769,LFRN,48.0695,-1.73479,,,,1110003600100002000300004000051000600007000080000
770,LFRS,47.1532,-1.61073,,,,1110003600100002000300004000051000600007000080000
771,LPPT,38.7813,-9.13592,,,,1110003600100002000300004000051000600007000080000
772,LXGB,36.1512,-5.34966,,,,1110003600100002000300004000051000600007000080000
773,LFRC,49.6501,-1.47028,,,,1110003600100002000300004000051000600007000080000
774,LFRT,48.5378,-2.85444,,,,1110003600100002000300004000051000600007000080000
775,LEVC,39.4893,-0.48162,36.0,2,red,1110003600100002000300004000051000600007000080000
776,LFMI,43.5227,4.92384,,,,1110003600100002000300004000051000600007000080000
777,EBBE,50.7586,4.76833,,,,1110003600100002000300004000051000600007000080000
778,EBBL,51.1683,5.47,,,,1110003600100002000300004000051000600007000080000
779,EBDT,50.9992,5.06556,,,,1110003600100002000300004000051000600007000080000
780,EBLB,50.4817,6.18194,,,,1110003600100002000300004000051000600007000080000
781,EGOM,55.05,-2.55,,,,1110003600100002000300004000051000600007000080000
782,EGQK,57.6494,-3.56064,,,,1110003600100002000300004000051000600007000080000
783,EGQL,56.3729,-2.86844,,,,1110003600100002000300004000051000600007000080000
784,EGXZ,54.2055,-1.38209,,,,1110003600100002000300004000051000600007000080000
785,LTAS,41.5064,32.0886,,,,1110003600100002000300004000051000600007000080000
786,EICK,51.8413,-8.49111,36.0,q,green,1110003600100002000300004000051000600007000080000
787,EIDW,53.4213,-6.27007,36.0,[,green,1110003600100002000300004000051000600007000080000
788,EIKN,53.9103,-8.81849,,,,1110003600100002000300004000051000600007000080000
789,EINN,52.702,-8.92482,,,,1110003600100002000300004000051000600007000080000
790,LQBK,44.9414,17.2975,,,,1110003600100002000300004000051000600007000080000
791,LQTZ,44.4587,18.7248,,,,1110003600100002000300004000051000600007000080000
792,LEMO,37.1749,-5.61594,,,,1110003600100002000300004000051000600007000080000
793,LERT,36.6452,-6.34946,,,,1110003600100002000300004000051000600007000080000
794,ULLI,59.8003,30.2625,,,,1110003600100002000300004000051000600007000080000
795,UMMS,53.8825,28.0307,,,,1110003600100002000300004000051000600007000080000
796,URMM,44.2251,43.0819,,,,1110003600100002000300004000051000600007000080000
797,UUDD,55.4088,37.9063,,,,1110003600100002000300004000051000600007000080000
798,UUEE,55.9726,37.4146,,,,1110003600100002000300004000051000600007000080000
799,UUWW,55.5915,37.2615,,,,1110003600100002000300004000051000600007000080000
800,LFHP,45.0807,3.76289,,,,1110003600100002000300004000051000600007000080000
801,LFLW,44.8914,2.42194,,,,1110003600100002000300004000051000600007000080000
802,LFPM,48.6047,2.67112,,,,1110003600100002000300004000051000600007000080000
803,LFRI,46.7019,-1.37863,,,,1110003600100002000300004000051000600007000080000
804,LFRL,48.2817,-4.44502,36.0,^,green,1110003600100002000300004000051000600007000080000
805,LFLC,45.7867,3.16917,,,,1110003600100002000300004000051000600007000080000
806,LFMT,43.5762,3.96301,,,,1110003600100002000300004000051000600007000080000
807,LFRO,48.7544,-3.47166,,,,1110003600100002000300004000051000600007000080000
808,LFRM,47.9486,0.20167,,,,1110003600100002000300004000051000600007000080000
809,LFSL,45.03967,1.4855,,,,1110003600100002000300004000051000600007000080000
810,LKCV,49.9397,15.3818,,,,1110003600100002000300004000051000600007000080000
811,LKNA,49.1658,16.1249,,,,1110003600100002000300004000051000600007000080000
812,LKPD,50.0134,15.7386,,,,1110003600100002000300004000051000600007000080000
813,LFRB,48.4479,-4.41854,36.0,^,green,1110003600100002000300004000051000600007000080000
814,LPBJ,38.0789,-7.9324,,,,1110003600100002000300004000051000600007000080000
815,LICT,37.9114,12.488,,,,1110003600100002000300004000051000600007000080000
816,LTAW,40.30743,36.36741,,,,1110003600100002000300004000051000600007000080000
817,LTCI,38.4682,43.3323,36.0,1,,1110003600100002000300004000051000600007000080000
818,LTAN,37.979,32.5619,36.0,q,green,1110003600100002000300004000051000600007000080000
819,LGAL,40.8559,25.9563,,,,1110003600100002000300004000051000600007000080000
820,LFRJ,48.5303,-4.15164,36.0,^,green,1110003600100002000300004000051000600007000080000
821,LFRQ,47.975,-4.16779,36.0,^,green,1110003600100002000300004000051000600007000080000
822,LFRH,47.7606,-3.44,36.0,^,green,1110003600100002000300004000051000600007000080000
823,LRCT,46.5023,23.8859,,,,1110003600100002000300004000051000600007000080000
