,station,lat,lon,time,weather,weatherfont,weathersymbol,weathercolour,temperature,pressure,sl_pressure,dewpoint,windspeed,winddir
0,EETN,59.4132995605,24.8327999115,2023-03-05 23:50:00,41,36.0,J,yellow,-6.0,994.0,994.1265680341985,-7.0,2.0,220.0
1,EEEI,59.2602996826,24.2084999084,2023-03-05 23:50:00,71,36.0,h,magenta,-4.0,995.0,995.1259300095925,-5.0,3.0,170.0
2,EVGA,56.778301239,24.8539009094,2023-03-05 23:50:00,10,36.0,+,yellow,-6.0,997.0,997.1267382447255,-7.0,4.0,210.0
3,EVLA,56.5175018311,21.0969009399,2023-03-05 23:50:00,71,36.0,h,magenta,-2.0,997.0,997.1253709113788,-3.0,8.0,230.0
4,EYVI,54.6341018677,25.2858009338,2023-03-05 23:50:00,71,36.0,h,magenta,-3.0,1000.0,1000.1243480638695,-5.0,6.0,230.0
5,ENAN,69.2925033569,16.1441993713,2023-03-05 23:50:00,75,36.0,l,magenta,-5.0,998.0,998.1268612592373,-6.0,31.0,360.0
6,ENBO,67.269203186,14.3653001785,2023-03-05 23:50:00,71,36.0,h,magenta,-5.0,1001.0,1001.1272456821123,-6.0,8.0,110.0
7,ENDU,69.0558013916,18.5403995514,2023-03-05 23:50:00,85,36.0,v,magenta,-11.0,998.0,998.1291639929453,-12.0,3.0,
8,EFHK,60.317199707,24.963300705,2023-03-05 23:50:00,71,36.0,h,magenta,-4.0,993.0,993.12533294753,-5.0,6.0,290.0
9,EFTU,60.5140991211,22.2628002167,2023-03-05 23:50:00,71,36.0,h,magenta,-4.0,994.0,994.1255133990996,-5.0,2.0,290.0
10,EFVA,63.0507011414,21.7621994019,2023-03-05 23:50:00,71,36.0,h,magenta,-5.0,996.0,996.1266805340392,-6.0,1.0,
11,EFRO,66.5647964478,25.8304004669,2023-03-05 23:50:00,71,36.0,h,magenta,-11.0,997.0,997.1278075996488,-12.0,1.0,
12,EFMA,60.1222000122,19.8981990814,2023-03-05 23:50:00,71,36.0,h,magenta,-2.0,995.0,995.1251164226794,-3.0,5.0,310.0
13,ENRO,62.5783996582,11.342300415,2023-03-05 23:50:00,71,36.0,h,magenta,-9.0,998.0,998.122767728899,-11.0,0.0,0.0
14,ENTC,69.6832962036,18.9188995361,2023-03-05 23:50:00,16,36.0,1,,-6.0,998.0,998.1273858663008,-9.0,10.0,180.0
15,LSMA,46.943901062,8.2841701508,2023-03-05 23:50:00,10,36.0,+,yellow,-0.0,1010.0,1010.1218657624746,-2.0,3.0,220.0
16,LSMP,46.8432006836,6.9150600433,2023-03-05 23:50:00,10,36.0,+,yellow,-3.0,1009.0,1009.1230831030415,-4.0,0.0,0.0
17,EFKU,63.0070991516,27.7978000641,2023-03-05 23:50:00,85,36.0,v,magenta,-10.0,994.0,994.1279277731502,-12.0,4.0,330.0
18,EFHA,61.8559989929,24.7866001129,2023-03-05 23:50:00,85,36.0,v,magenta,-12.0,994.0,994.1284249500064,-13.0,5.0,320.0
19,EFKK,63.7211990356,23.1431007385,2023-03-05 23:50:00,71,36.0,h,magenta,-7.0,997.0,997.1275836827878,-8.0,5.0,40.0
20,EFJO,62.6628990173,29.6075000763,2023-03-05 23:50:00,71,36.0,h,magenta,-8.0,994.0,994.126718123886,-9.0,4.0,90.0
21,EFLP,61.0446014404,28.1443996429,2023-03-05 23:50:00,71,36.0,h,magenta,-5.0,992.0,992.1251725240223,-6.0,3.0,70.0
22,EFMI,61.6865997314,27.2017993927,2023-03-05 23:50:00,71,36.0,h,magenta,-7.0,993.0,993.1263185693516,-10.0,4.0,20.0
23,EFSA,61.9430999756,28.9451007843,2023-03-05 23:50:00,85,36.0,v,magenta,-10.0,994.0,994.1279653615666,-12.0,1.0,
24,EFSI,62.6921005249,22.8323001862,2023-03-05 23:50:00,85,36.0,v,magenta,-8.0,995.0,995.1271415532634,-9.0,1.0,
25,EFUT,60.8964004517,26.9384002686,2023-03-05 23:50:00,71,36.0,h,magenta,-5.0,992.0,992.125202571809,-6.0,4.0,70.0
26,EFKE,65.7787017822,24.5820999146,2023-03-05 23:50:00,71,36.0,h,magenta,-10.0,999.0,999.1294011616595,-11.0,3.0,60.0
27,EFKS,65.9876022339,29.2394008636,2023-03-05 23:50:00,85,36.0,v,magenta,-20.0,996.0,996.1314717422663,-23.0,3.0,60.0
28,EDDC,51.1328010559,13.76720047,2023-03-05 23:50:00,71,36.0,h,magenta,1.0,1007.0,1007.1230418848891,-1.0,5.0,260.0
29,EDDK,50.8658981323,7.1427397728,2023-03-05 23:50:00,61,36.0,^,green,3.0,1009.0,1009.1236633405462,1.0,7.0,260.0
30,EDDL,51.2895011902,6.7667798996,2023-03-05 23:50:00,80,36.0,q,green,3.0,1009.0,1009.1241117723263,2.0,7.0,240.0
31,ENAN,69.2925033569,16.1441993713,2023-03-05 23:50:00,75,36.0,l,magenta,-5.0,998.0,998.1268612592373,-6.0,31.0,360.0
32,ENBO,67.269203186,14.3653001785,2023-03-05 23:50:00,71,36.0,h,magenta,-5.0,1001.0,1001.1272456821123,-6.0,8.0,110.0
33,ENDU,69.0558013916,18.5403995514,2023-03-05 23:50:00,85,36.0,v,magenta,-11.0,998.0,998.1291639929453,-12.0,3.0,
34,ENRO,62.5783996582,11.342300415,2023-03-05 23:50:00,71,36.0,h,magenta,-9.0,998.0,998.122767728899,-11.0,0.0,0.0
35,ENTC,69.6832962036,18.9188995361,2023-03-05 23:50:00,16,36.0,1,,-6.0,998.0,998.1273858663008,-9.0,10.0,180.0
36,EDDC,51.1328010559,13.76720047,2023-03-05 23:50:00,71,36.0,h,magenta,1.0,1007.0,1007.1230418848891,-1.0,5.0,260.0
37,EFHK,60.317199707,24.963300705,2023-03-05 23:50:00,71,36.0,h,magenta,-4.0,993.0,993.12533294753,-5.0,6.0,290.0
38,EFMA,60.1222000122,19.8981990814,2023-03-05 23:50:00,71,36.0,h,magenta,-2.0,995.0,995.1251164226794,-3.0,5.0,310.0
39,EFRO,66.5647964478,25.8304004669,2023-03-05 23:50:00,71,36.0,h,magenta,-11.0,997.0,997.1278075996488,-12.0,1.0,
40,EFTU,60.5140991211,22.2628002167,2023-03-05 23:50:00,71,36.0,h,magenta,-4.0,994.0,994.1255133990996,-5.0,2.0,290.0
41,EFVA,63.0507011414,21.7621994019,2023-03-05 23:50:00,71,36.0,h,magenta,-5.0,996.0,996.1266805340392,-6.0,1.0,
42,EGPC,58.4589004517,-3.0930600166,2023-03-05 23:50:00,61,36.0,^,green,2.0,99999.0,99999.0,1.0,8.0,170.0
43,EGPE,57.5424995422,-4.0475001335,2023-03-05 23:50:00,61,36.0,^,green,4.0,1006.0,1006.1236110188021,3.0,3.0,220.0
44,EGGP,53.3335990906,-2.8497200012,2023-03-05 23:50:00,16,36.0,1,,5.0,1010.0,1010.1234934646542,4.0,8.0,200.0
45,ESSV,57.6627998352,18.346200943,2023-03-05 23:50:00,71,36.0,h,magenta,-2.0,998.0,998.125054007105,-3.0,13.0,350.0
46,ESPA,65.543800354,22.1219997406,2023-03-05 23:50:00,77,36.0,n,,-10.0,999.0,999.1293884110789,-12.0,8.0,330.0
47,EDDK,50.8658981323,7.1427397728,2023-03-05 23:50:00,61,36.0,^,green,3.0,1009.0,1009.1236633405462,1.0,7.0,260.0
48,EDDL,51.2895011902,6.7667798996,2023-03-05 23:50:00,80,36.0,q,green,3.0,1009.0,1009.1241117723263,2.0,7.0,240.0
49,EDDL,51.2895011902,6.7667798996,2023-03-05 23:50:00,80,36.0,q,green,3.0,1009.0,1009.1241117723263,2.0,7.0,240.0
50,EFHA,61.8559989929,24.7866001129,2023-03-05 23:50:00,85,36.0,v,magenta,-12.0,994.0,994.1284249500064,-13.0,5.0,320.0
51,EFKE,65.7787017822,24.5820999146,2023-03-05 23:50:00,71,36.0,h,magenta,-10.0,999.0,999.1294011616595,-11.0,3.0,60.0
52,EFKK,63.7211990356,23.1431007385,2023-03-05 23:50:00,71,36.0,h,magenta,-7.0,997.0,997.1275836827878,-8.0,5.0,40.0
53,EFMI,61.6865997314,27.2017993927,2023-03-05 23:50:00,71,36.0,h,magenta,-7.0,993.0,993.1263185693516,-10.0,4.0,20.0
54,EFSA,61.9430999756,28.9451007843,2023-03-05 23:50:00,85,36.0,v,magenta,-10.0,994.0,994.1279653615666,-12.0,1.0,
55,EFSI,62.6921005249,22.8323001862,2023-03-05 23:50:00,85,36.0,v,magenta,-8.0,995.0,995.1271415532634,-9.0,1.0,
56,EDDC,51.1328010559,13.76720047,2023-03-05 23:50:00,71,36.0,h,magenta,1.0,1007.0,1007.1230418848891,-1.0,5.0,260.0
57,EDDK,50.8658981323,7.1427397728,2023-03-05 23:50:00,61,36.0,^,green,3.0,1009.0,1009.1236633405462,1.0,7.0,260.0
58,EDDL,51.2895011902,6.7667798996,2023-03-05 23:50:00,80,36.0,q,green,3.0,1009.0,1009.1241117723263,2.0,7.0,240.0
59,EEEI,59.2602996826,24.2084999084,2023-03-05 23:50:00,71,36.0,h,magenta,-4.0,995.0,995.1259300095925,-5.0,3.0,170.0
60,EFKU,63.0070991516,27.7978000641,2023-03-05 23:50:00,85,36.0,v,magenta,-10.0,994.0,994.1279277731502,-12.0,4.0,330.0
61,EGGP,53.3335990906,-2.8497200012,2023-03-05 23:50:00,16,36.0,1,,5.0,1010.0,1010.1234934646542,4.0,8.0,200.0
62,EGPC,58.4589004517,-3.0930600166,2023-03-05 23:50:00,61,36.0,^,green,2.0,99999.0,99999.0,1.0,8.0,170.0
63,EGPE,57.5424995422,-4.0475001335,2023-03-05 23:50:00,61,36.0,^,green,4.0,1006.0,1006.1236110188021,3.0,3.0,220.0
64,EGQS,57.7052001953,-3.3391699791,2023-03-05 23:50:00,63,36.0,',green,4.0,1006.0,1006.1235792501091,3.0,7.0,250.0
65,EETN,59.4132995605,24.8327999115,2023-03-05 23:50:00,41,36.0,J,yellow,-6.0,994.0,994.1265680341985,-7.0,2.0,220.0
66,EFHK,60.317199707,24.963300705,2023-03-05 23:50:00,71,36.0,h,magenta,-4.0,993.0,993.12533294753,-5.0,6.0,290.0
67,EVLA,56.5175018311,21.0969009399,2023-03-05 23:50:00,71,36.0,h,magenta,-2.0,997.0,997.1253709113788,-3.0,8.0,230.0
68,EYVI,54.6341018677,25.2858009338,2023-03-05 23:50:00,71,36.0,h,magenta,-3.0,1000.0,1000.1243480638695,-5.0,6.0,230.0
69,EGPC,58.4589004517,-3.0930600166,2023-03-05 23:50:00,61,36.0,^,green,2.0,99999.0,99999.0,1.0,8.0,170.0
70,EGPE,57.5424995422,-4.0475001335,2023-03-05 23:50:00,61,36.0,^,green,4.0,1006.0,1006.1236110188021,3.0,3.0,220.0
71,ESPA,65.543800354,22.1219997406,2023-03-05 23:50:00,77,36.0,n,,-10.0,999.0,999.1293884110789,-12.0,8.0,330.0
72,ESSV,57.6627998352,18.346200943,2023-03-05 23:50:00,71,36.0,h,magenta,-2.0,998.0,998.125054007105,-3.0,13.0,350.0
73,EDDC,51.1328010559,13.76720047,2023-03-05 23:50:00,71,36.0,h,magenta,1.0,1007.0,1007.1230418848891,-1.0,5.0,260.0
74,EDDK,50.8658981323,7.1427397728,2023-03-05 23:50:00,61,36.0,^,green,3.0,1009.0,1009.1236633405462,1.0,7.0,260.0
75,EFJO,62.6628990173,29.6075000763,2023-03-05 23:50:00,71,36.0,h,magenta,-8.0,994.0,994.126718123886,-9.0,4.0,90.0
76,EFKS,65.9876022339,29.2394008636,2023-03-05 23:50:00,85,36.0,v,magenta,-20.0,996.0,996.1314717422663,-23.0,3.0,60.0
77,EFKU,63.0070991516,27.7978000641,2023-03-05 23:50:00,85,36.0,v,magenta,-10.0,994.0,994.1279277731502,-12.0,4.0,330.0
78,EFLP,61.0446014404,28.1443996429,2023-03-05 23:50:00,71,36.0,h,magenta,-5.0,992.0,992.1251725240223,-6.0,3.0,70.0
79,EFUT,60.8964004517,26.9384002686,2023-03-05 23:50:00,71,36.0,h,magenta,-5.0,992.0,992.125202571809,-6.0,4.0,70.0
80,EGGP,53.3335990906,-2.8497200012,2023-03-05 23:50:00,16,36.0,1,,5.0,1010.0,1010.1234934646542,4.0,8.0,200.0
81,EGQS,57.7052001953,-3.3391699791,2023-03-05 23:50:00,63,36.0,',green,4.0,1006.0,1006.1235792501091,3.0,7.0,250.0
82,EGGP,53.3335990906,-2.8497200012,2023-03-05 23:50:00,16,36.0,1,,5.0,1010.0,1010.1234934646542,4.0,8.0,200.0
83,EGPC,58.4589004517,-3.0930600166,2023-03-05 23:50:00,61,36.0,^,green,2.0,99999.0,99999.0,1.0,8.0,170.0
84,EGPE,57.5424995422,-4.0475001335,2023-03-05 23:50:00,61,36.0,^,green,4.0,1006.0,1006.1236110188021,3.0,3.0,220.0
85,EGQS,57.7052001953,-3.3391699791,2023-03-05 23:50:00,63,36.0,',green,4.0,1006.0,1006.1235792501091,3.0,7.0,250.0
86,LIPZ,45.5052986145,12.3519001007,2023-03-05 23:50:00,10,36.0,+,yellow,7.0,1008.0,1008.1225291110197,6.0,5.0,50.0
87,LIBP,42.4317016602,14.1810998917,2023-03-05 23:50:00,10,36.0,+,yellow,2.0,1010.0,1010.1249953974733,1.0,5.0,220.0
88,ETNG,50.9608001709,6.0424199104,2023-03-05 23:50:00,61,36.0,^,green,3.0,1009.0,1009.1236806388962,2.0,4.0,220.0
89,ENSK,68.5788269043,15.033416748,2023-03-05 23:50:00,75,36.0,l,magenta,-6.0,1000.0,1000.1277031532422,-7.0,7.0,280.0
90,ENHF,70.6797027588,23.6686000824,2023-03-05 23:50:00,85,36.0,v,magenta,-7.0,995.0,995.1267662126833,-8.0,3.0,200.0
91,ENRA,66.363899231,14.3014001846,2023-03-05 23:50:00,71,36.0,h,magenta,-13.0,1002.0,1002.1307657373619,-14.0,2.0,
92,ENSH,68.2433013916,14.6691999435,2023-03-05 23:50:00,71,36.0,h,magenta,-4.0,1000.0,1000.1266787001795,-12.0,5.0,280.0
93,ENEV,68.4913024902,16.6781005859,2023-03-05 23:50:00,85,36.0,v,magenta,-7.0,999.0,999.1278396179588,-8.0,0.0,0.0
94,ENKB,63.1118011475,7.8245201111,2023-03-05 23:50:00,71,36.0,h,magenta,-3.0,1003.0,1003.1260386576382,-4.0,0.0,0.0
95,ENML,62.7447013855,7.2624998093,2023-03-05 23:50:00,75,36.0,l,magenta,-3.0,1004.0,1004.1267520270086,-4.0,4.0,280.0
96,ENOV,62.1800003052,6.0741000175,2023-03-05 23:50:00,71,36.0,h,magenta,-3.0,1004.0,1004.1260468292121,-4.0,3.0,250.0
97,ENSR,69.7867965698,20.959400177,2023-03-05 23:50:00,71,36.0,h,magenta,-9.0,996.0,996.1286563692009,-11.0,15.0,150.0
98,ENHK,70.4867019653,22.1396999359,2023-03-05 23:50:00,75,36.0,l,magenta,-5.0,995.0,995.1265472221596,-6.0,8.0,230.0
99,ENHV,71.0096969604,25.9836006165,2023-03-05 23:50:00,71,36.0,h,magenta,-6.0,996.0,996.127090474346,-8.0,9.0,200.0
100,ETNG,50.9608001709,6.0424199104,2023-03-05 23:50:00,61,36.0,^,green,3.0,1009.0,1009.1236806388962,2.0,4.0,220.0
101,LIBP,42.4317016602,14.1810998917,2023-03-05 23:50:00,10,36.0,+,yellow,2.0,1010.0,1010.1249953974733,1.0,5.0,220.0
102,EHLW,53.2285995483,5.7605600357,2023-03-05 23:51:00,61,36.0,^,green,3.0,1006.0,1006.1241610424269,2.0,11.0,260.0
103,EDDK,50.8658981323,7.1427397728,2023-03-05 23:50:00,61,36.0,^,green,3.0,1009.0,1009.1236633405462,1.0,7.0,260.0
104,EDDL,51.2895011902,6.7667798996,2023-03-05 23:50:00,80,36.0,q,green,3.0,1009.0,1009.1241117723263,2.0,7.0,240.0
105,EETN,59.4132995605,24.8327999115,2023-03-05 23:50:00,41,36.0,J,yellow,-6.0,994.0,994.1265680341985,-7.0,2.0,220.0
106,EFHK,60.317199707,24.963300705,2023-03-05 23:50:00,71,36.0,h,magenta,-4.0,993.0,993.12533294753,-5.0,6.0,290.0
107,EFKE,65.7787017822,24.5820999146,2023-03-05 23:50:00,71,36.0,h,magenta,-10.0,999.0,999.1294011616595,-11.0,3.0,60.0
108,EFKK,63.7211990356,23.1431007385,2023-03-05 23:50:00,71,36.0,h,magenta,-7.0,997.0,997.1275836827878,-8.0,5.0,40.0
109,EFKU,63.0070991516,27.7978000641,2023-03-05 23:50:00,85,36.0,v,magenta,-10.0,994.0,994.1279277731502,-12.0,4.0,330.0
110,EFMA,60.1222000122,19.8981990814,2023-03-05 23:50:00,71,36.0,h,magenta,-2.0,995.0,995.1251164226794,-3.0,5.0,310.0
111,EFRO,66.5647964478,25.8304004669,2023-03-05 23:50:00,71,36.0,h,magenta,-11.0,997.0,997.1278075996488,-12.0,1.0,
112,EFTU,60.5140991211,22.2628002167,2023-03-05 23:50:00,71,36.0,h,magenta,-4.0,994.0,994.1255133990996,-5.0,2.0,290.0
113,EFVA,63.0507011414,21.7621994019,2023-03-05 23:50:00,71,36.0,h,magenta,-5.0,996.0,996.1266805340392,-6.0,1.0,
114,ENBO,67.269203186,14.3653001785,2023-03-05 23:50:00,71,36.0,h,magenta,-5.0,1001.0,1001.1272456821123,-6.0,8.0,110.0
115,ENTC,69.6832962036,18.9188995361,2023-03-05 23:50:00,16,36.0,1,,-6.0,998.0,998.1273858663008,-9.0,10.0,180.0
116,EYVI,54.6341018677,25.2858009338,2023-03-05 23:50:00,71,36.0,h,magenta,-3.0,1000.0,1000.1243480638695,-5.0,6.0,230.0
117,EHLW,53.2285995483,5.7605600357,2023-03-05 23:51:00,61,36.0,^,green,3.0,1006.0,1006.1241610424269,2.0,11.0,260.0
118,LIBP,42.4317016602,14.1810998917,2023-03-05 23:50:00,10,36.0,+,yellow,2.0,1010.0,1010.1249953974733,1.0,5.0,220.0
119,LIPZ,45.5052986145,12.3519001007,2023-03-05 23:50:00,10,36.0,+,yellow,7.0,1008.0,1008.1225291110197,6.0,5.0,50.0
120,ENAN,69.2925033569,16.1441993713,2023-03-05 23:50:00,75,36.0,l,magenta,-5.0,998.0,998.1268612592373,-6.0,31.0,360.0
121,ENDU,69.0558013916,18.5403995514,2023-03-05 23:50:00,85,36.0,v,magenta,-11.0,998.0,998.1291639929453,-12.0,3.0,
122,ENEV,68.4913024902,16.6781005859,2023-03-05 23:50:00,85,36.0,v,magenta,-7.0,999.0,999.1278396179588,-8.0,0.0,0.0
123,ENHF,70.6797027588,23.6686000824,2023-03-05 23:50:00,85,36.0,v,magenta,-7.0,995.0,995.1267662126833,-8.0,3.0,200.0
124,ENHV,71.0096969604,25.9836006165,2023-03-05 23:50:00,71,36.0,h,magenta,-6.0,996.0,996.127090474346,-8.0,9.0,200.0
125,ENKB,63.1118011475,7.8245201111,2023-03-05 23:50:00,71,36.0,h,magenta,-3.0,1003.0,1003.1260386576382,-4.0,0.0,0.0
126,ENML,62.7447013855,7.2624998093,2023-03-05 23:50:00,75,36.0,l,magenta,-3.0,1004.0,1004.1267520270086,-4.0,4.0,280.0
127,ENOV,62.1800003052,6.0741000175,2023-03-05 23:50:00,71,36.0,h,magenta,-3.0,1004.0,1004.1260468292121,-4.0,3.0,250.0
128,ENRA,66.363899231,14.3014001846,2023-03-05 23:50:00,71,36.0,h,magenta,-13.0,1002.0,1002.1307657373619,-14.0,2.0,
129,ENRO,62.5783996582,11.342300415,2023-03-05 23:50:00,71,36.0,h,magenta,-9.0,998.0,998.122767728899,-11.0,0.0,0.0
130,ENSH,68.2433013916,14.6691999435,2023-03-05 23:50:00,71,36.0,h,magenta,-4.0,1000.0,1000.1266787001795,-12.0,5.0,280.0
131,ENSK,68.5788269043,15.033416748,2023-03-05 23:50:00,75,36.0,l,magenta,-6.0,1000.0,1000.1277031532422,-7.0,7.0,280.0
132,ENSR,69.7867965698,20.959400177,2023-03-05 23:50:00,71,36.0,h,magenta,-9.0,996.0,996.1286563692009,-11.0,15.0,150.0
133,ESPA,65.543800354,22.1219997406,2023-03-05 23:50:00,77,36.0,n,,-10.0,999.0,999.1293884110789,-12.0,8.0,330.0
134,ESSV,57.6627998352,18.346200943,2023-03-05 23:50:00,71,36.0,h,magenta,-2.0,998.0,998.125054007105,-3.0,13.0,350.0
135,EGCC,53.3536987305,-2.2749500275,2023-03-05 23:50:00,63,36.0,',green,4.0,1010.0,1010.1234504917281,3.0,3.0,180.0
136,EGGP,53.3335990906,-2.8497200012,2023-03-05 23:50:00,16,36.0,1,,5.0,1010.0,1010.1234934646542,4.0,8.0,200.0
137,EGPC,58.4589004517,-3.0930600166,2023-03-05 23:50:00,61,36.0,^,green,2.0,99999.0,99999.0,1.0,8.0,170.0
138,EGPD,57.2019004822,-2.1977798939,2023-03-05 23:50:00,61,36.0,^,green,1.0,1007.0,1007.1246055966908,0.0,7.0,160.0
139,EGGP,53.3335990906,-2.8497200012,2023-03-05 23:50:00,16,36.0,1,,5.0,1010.0,1010.1234934646542,4.0,8.0,200.0
140,EGPC,58.4589004517,-3.0930600166,2023-03-05 23:50:00,61,36.0,^,green,2.0,99999.0,99999.0,1.0,8.0,170.0
141,EGPE,57.5424995422,-4.0475001335,2023-03-05 23:50:00,61,36.0,^,green,4.0,1006.0,1006.1236110188021,3.0,3.0,220.0
142,EGQS,57.7052001953,-3.3391699791,2023-03-05 23:50:00,63,36.0,',green,4.0,1006.0,1006.1235792501091,3.0,7.0,250.0
143,EHLW,53.2285995483,5.7605600357,2023-03-05 23:55:00,61,36.0,^,green,3.0,1006.0,1006.1241610424269,2.0,11.0,260.0
144,LGLR,39.6562825886,22.3400008678,2023-03-05 23:50:00,45,36.0,N,yellow,5.0,1011.0,1011.1231546290459,5.0,0.0,0.0
145,LIPZ,45.5052986145,12.3519001007,2023-03-05 23:50:00,10,36.0,+,yellow,7.0,1008.0,1008.1225291110197,6.0,5.0,50.0
146,EDDC,51.1328010559,13.76720047,2023-03-05 23:50:00,71,36.0,h,magenta,1.0,1007.0,1007.1230418848891,-1.0,5.0,260.0
147,EHLW,53.2285995483,5.7605600357,2023-03-05 23:55:00,61,36.0,^,green,3.0,1006.0,1006.1241610424269,2.0,11.0,260.0
148,ETNG,50.9608001709,6.0424199104,2023-03-05 23:50:00,61,36.0,^,green,3.0,1009.0,1009.1236806388962,2.0,4.0,220.0
149,EHLW,53.2285995483,5.7605600357,2023-03-05 23:55:00,61,36.0,^,green,3.0,1006.0,1006.1241610424269,2.0,11.0,260.0
150,ETNG,50.9608001709,6.0424199104,2023-03-05 23:50:00,61,36.0,^,green,3.0,1009.0,1009.1236806388962,2.0,4.0,220.0
151,ENHF,70.6797027588,23.6686000824,2023-03-05 23:50:00,85,36.0,v,magenta,-7.0,995.0,995.1267662126833,-8.0,3.0,200.0
152,ENSK,68.5788269043,15.033416748,2023-03-05 23:50:00,75,36.0,l,magenta,-6.0,1000.0,1000.1277031532422,-7.0,7.0,280.0
153,EDDC,51.1328010559,13.76720047,2023-03-05 23:50:00,71,36.0,h,magenta,1.0,1007.0,1007.1230418848891,-1.0,5.0,260.0
154,EDDK,50.8658981323,7.1427397728,2023-03-05 23:50:00,61,36.0,^,green,3.0,1009.0,1009.1236633405462,1.0,7.0,260.0
155,EDDL,51.2895011902,6.7667798996,2023-03-05 23:50:00,80,36.0,q,green,3.0,1009.0,1009.1241117723263,2.0,7.0,240.0
156,ETNG,50.9608001709,6.0424199104,2023-03-05 23:50:00,61,36.0,^,green,3.0,1009.0,1009.1236806388962,2.0,4.0,220.0
157,ENEV,68.4913024902,16.6781005859,2023-03-05 23:50:00,85,36.0,v,magenta,-7.0,999.0,999.1278396179588,-8.0,0.0,0.0
158,ENHV,71.0096969604,25.9836006165,2023-03-05 23:50:00,71,36.0,h,magenta,-6.0,996.0,996.127090474346,-8.0,9.0,200.0
159,ENML,62.7447013855,7.2624998093,2023-03-05 23:50:00,75,36.0,l,magenta,-3.0,1004.0,1004.1267520270086,-4.0,4.0,280.0
160,ENOV,62.1800003052,6.0741000175,2023-03-05 23:50:00,71,36.0,h,magenta,-3.0,1004.0,1004.1260468292121,-4.0,3.0,250.0
161,ENSH,68.2433013916,14.6691999435,2023-03-05 23:50:00,71,36.0,h,magenta,-4.0,1000.0,1000.1266787001795,-12.0,5.0,280.0
162,ENSR,69.7867965698,20.959400177,2023-03-05 23:50:00,71,36.0,h,magenta,-9.0,996.0,996.1286563692009,-11.0,15.0,150.0
163,ENHK,70.4867019653,22.1396999359,2023-03-05 23:50:00,75,36.0,l,magenta,-5.0,995.0,995.1265472221596,-6.0,8.0,230.0
164,ENKB,63.1118011475,7.8245201111,2023-03-05 23:50:00,71,36.0,h,magenta,-3.0,1003.0,1003.1260386576382,-4.0,0.0,0.0
165,ENRA,66.363899231,14.3014001846,2023-03-05 23:50:00,71,36.0,h,magenta,-13.0,1002.0,1002.1307657373619,-14.0,2.0,
166,ENAN,69.2925033569,16.1441993713,2023-03-05 23:50:00,75,36.0,l,magenta,-5.0,998.0,998.1268612592373,-6.0,31.0,360.0
167,ENBO,67.269203186,14.3653001785,2023-03-05 23:50:00,71,36.0,h,magenta,-5.0,1001.0,1001.1272456821123,-6.0,8.0,110.0
168,ENSH,68.2433013916,14.6691999435,2023-03-05 23:50:00,71,36.0,h,magenta,-4.0,1000.0,1000.1266787001795,-12.0,5.0,280.0
169,ENTC,69.6832962036,18.9188995361,2023-03-05 23:50:00,16,36.0,1,,-6.0,998.0,998.1273858663008,-9.0,10.0,180.0
170,LGHI,38.3432006836,26.1406002045,2023-03-05 23:50:00,61,36.0,^,green,9.0,1009.0,1009.1217055239302,8.0,4.0,310.0
171,EGPB,59.8788986206,-1.2955600023,2023-03-05 23:50:00,61,36.0,^,green,4.0,1004.0,1004.1233969930894,1.0,12.0,250.0
172,EHLW,53.2285995483,5.7605600357,2023-03-05 23:55:00,61,36.0,^,green,3.0,1006.0,1006.1241610424269,2.0,11.0,260.0
173,EHLW,53.2285995483,5.7605600357,2023-03-05 23:55:00,61,36.0,^,green,3.0,1006.0,1006.1241610424269,2.0,11.0,260.0
174,EGPB,59.8788986206,-1.2955600023,2023-03-05 23:50:00,61,36.0,^,green,4.0,1004.0,1004.1233969930894,1.0,12.0,250.0
175,EGQS,57.7052001953,-3.3391699791,2023-03-05 23:50:00,63,36.0,',green,4.0,1006.0,1006.1235792501091,3.0,7.0,250.0
176,EGPB,59.8788986206,-1.2955600023,2023-03-05 23:50:00,61,36.0,^,green,4.0,1004.0,1004.1233969930894,1.0,12.0,250.0
177,LGHI,38.3432006836,26.1406002045,2023-03-05 23:50:00,61,36.0,^,green,9.0,1009.0,1009.1217055239302,8.0,4.0,310.0
178,LTBJ,38.2924003601,27.156999588,2023-03-05 23:50:00,45,36.0,N,yellow,6.0,1010.0,1010.1220893528874,6.0,2.0,300.0
179,LTBR,40.2551994324,29.5625991821,2023-03-05 23:50:00,80,36.0,q,green,7.0,1009.0,1009.120541013029,6.0,7.0,250.0
180,LTAP,40.8293991089,35.5219993591,2023-03-05 23:50:00,80,36.0,q,green,7.0,1000.0,1000.1168272061353,6.0,5.0,260.0
181,LTBD,37.8149986267,27.8952999115,2023-03-05 23:50:00,10,36.0,+,yellow,6.0,1010.0,1010.1229657565787,6.0,0.0,0.0
182,LTAR,39.8138008118,36.9034996033,2023-03-05 23:50:00,61,36.0,^,green,6.0,1003.0,1003.1091387518968,1.0,22.0,180.0
183,LTBD,37.8149986267,27.8952999115,2023-03-05 23:50:00,10,36.0,+,yellow,6.0,1010.0,1010.1229657565787,6.0,0.0,0.0
184,LTBF,39.6193008423,27.9260005951,2023-03-05 23:50:00,10,36.0,+,yellow,7.0,1010.0,1010.1218342428787,7.0,0.0,0.0
185,LTBQ,40.7350006104,30.0832996368,2023-03-05 23:50:00,80,36.0,q,green,8.0,1009.0,1009.1216978511532,7.0,4.0,200.0
186,LTBY,39.8098983765,30.5193996429,2023-03-05 23:50:00,80,36.0,q,green,3.0,1007.0,1007.1171742593929,3.0,10.0,280.0
187,LTFH,41.2545013428,36.5671005249,2023-03-05 23:50:00,80,36.0,q,green,10.0,1000.0,1000.120160063329,9.0,8.0,100.0
188,LTAP,40.8293991089,35.5219993591,2023-03-05 23:50:00,80,36.0,q,green,7.0,1000.0,1000.1168272061353,6.0,5.0,260.0
189,LTBJ,38.2924003601,27.156999588,2023-03-05 23:50:00,45,36.0,N,yellow,6.0,1010.0,1010.1220893528874,6.0,2.0,300.0
190,LTBR,40.2551994324,29.5625991821,2023-03-05 23:50:00,80,36.0,q,green,7.0,1009.0,1009.120541013029,6.0,7.0,250.0
191,LTBJ,38.2924003601,27.156999588,2023-03-05 23:50:00,45,36.0,N,yellow,6.0,1010.0,1010.1220893528874,6.0,2.0,300.0
192,LTAP,40.8293991089,35.5219993591,2023-03-05 23:50:00,80,36.0,q,green,7.0,1000.0,1000.1168272061353,6.0,5.0,260.0
193,LTAR,39.8138008118,36.9034996033,2023-03-05 23:50:00,61,36.0,^,green,6.0,1003.0,1003.1091387518968,1.0,22.0,180.0
194,LTBF,39.6193008423,27.9260005951,2023-03-05 23:50:00,10,36.0,+,yellow,7.0,1010.0,1010.1218342428787,7.0,0.0,0.0
195,LTBQ,40.7350006104,30.0832996368,2023-03-05 23:50:00,80,36.0,q,green,8.0,1009.0,1009.1216978511532,7.0,4.0,200.0
196,EGPB,59.8788986206,-1.2955600023,2023-03-05 23:50:00,61,36.0,^,green,4.0,1004.0,1004.1233969930894,1.0,12.0,250.0
197,EGPB,59.8788986206,-1.2955600023,2023-03-05 23:50:00,61,36.0,^,green,4.0,1004.0,1004.1233969930894,1.0,12.0,250.0
198,LTAP,40.8293991089,35.5219993591,2023-03-05 23:50:00,80,36.0,q,green,7.0,1000.0,1000.1168272061353,6.0,5.0,260.0
199,LTBJ,38.2924003601,27.156999588,2023-03-05 23:50:00,45,36.0,N,yellow,6.0,1010.0,1010.1220893528874,6.0,2.0,300.0
200,LTBR,40.2551994324,29.5625991821,2023-03-05 23:50:00,80,36.0,q,green,7.0,1009.0,1009.120541013029,6.0,7.0,250.0
201,ETEK,49.6502990723,7.300069809,2023-03-05 23:55:00,53,36.0,V,green,0.1,29.78,29.78371638355303,-2.1,3.0,270.0
202,LTAP,40.8293991089,35.5219993591,2023-03-05 23:50:00,80,36.0,q,green,7.0,1000.0,1000.1168272061353,6.0,5.0,260.0
203,LTAR,39.8138008118,36.9034996033,2023-03-05 23:50:00,61,36.0,^,green,6.0,1003.0,1003.1091387518968,1.0,22.0,180.0
204,LTBF,39.6193008423,27.9260005951,2023-03-05 23:50:00,10,36.0,+,yellow,7.0,1010.0,1010.1218342428787,7.0,0.0,0.0
205,LTBJ,38.2924003601,27.156999588,2023-03-05 23:50:00,45,36.0,N,yellow,6.0,1010.0,1010.1220893528874,6.0,2.0,300.0
206,LTBQ,40.7350006104,30.0832996368,2023-03-05 23:50:00,80,36.0,q,green,8.0,1009.0,1009.1216978511532,7.0,4.0,200.0
207,LZTT,49.073600769,20.2411003113,2023-03-06 00:00:00,71,36.0,h,magenta,-2.0,1005.0,1005.1196790161637,-6.0,10.0,250.0
208,EBBL,51.1683006287,5.4699997902,2023-03-05 23:55:00,51,36.0,T,green,2.0,1009.0,1009.124426464521,2.0,7.0,240.0
209,EBCV,50.5758018494,3.8310000896,2023-03-05 23:55:00,10,36.0,+,yellow,2.0,1010.0,1010.1245673110117,1.0,1.0,
210,EBFN,51.0903015137,2.652780056,2023-03-05 23:55:00,10,36.0,+,yellow,2.0,1010.0,1010.1250778327171,1.0,2.0,
211,LTAP,40.8293991089,35.5219993591,2023-03-05 23:50:00,80,36.0,q,green,7.0,1000.0,1000.1168272061353,6.0,5.0,260.0
212,LTBJ,38.2924003601,27.156999588,2023-03-05 23:50:00,45,36.0,N,yellow,6.0,1010.0,1010.1220893528874,6.0,2.0,300.0
213,LTBF,39.6193008423,27.9260005951,2023-03-05 23:50:00,10,36.0,+,yellow,7.0,1010.0,1010.1218342428787,7.0,0.0,0.0
214,LTBI,39.7840995789,30.5820999146,2023-03-05 23:50:00,80,36.0,q,green,4.0,1007.0,1007.1167748332142,4.0,10.0,270.0
215,LTBJ,38.2924003601,27.156999588,2023-03-05 23:50:00,45,36.0,N,yellow,6.0,1010.0,1010.1220893528874,6.0,2.0,300.0
216,LTAP,40.8293991089,35.5219993591,2023-03-05 23:50:00,80,36.0,q,green,7.0,1000.0,1000.1168272061353,6.0,5.0,260.0
217,LFLB,45.6380996704,5.88022995,2023-03-06 00:00:00,10,36.0,+,yellow,-1.0,1010.0,1010.1242638023734,-2.0,0.0,0.0
218,LFMH,45.540599823,4.2963900566,2023-03-06 00:00:00,10,36.0,+,yellow,-3.0,1010.0,1010.1236065820408,-5.0,3.0,10.0
219,LFOH,49.5339012146,0.0880559981,2023-03-06 00:00:00,61,36.0,^,green,4.0,1011.0,1011.123412055794,2.0,6.0,250.0
220,LFLN,46.4124984741,4.0132598877,2023-03-06 00:00:00,10,36.0,+,yellow,-4.0,1011.0,1011.125742393139,-5.0,2.0,160.0
221,EPLL,51.7219009399,19.3980998993,2023-03-06 00:00:00,49,36.0,R,red,-6.0,1006.0,1006.126645278155,-7.0,2.0,220.0
222,EPKT,50.4743003845,19.0799999237,2023-03-06 00:00:00,71,36.0,h,magenta,-2.0,1006.0,1006.1236084068869,-3.0,7.0,250.0
223,EBBL,51.1683006287,5.4699997902,2023-03-05 23:55:00,51,36.0,T,green,2.0,1009.0,1009.124426464521,2.0,7.0,240.0
224,EBCV,50.5758018494,3.8310000896,2023-03-05 23:55:00,10,36.0,+,yellow,2.0,1010.0,1010.1245673110117,1.0,1.0,
225,EBFN,51.0903015137,2.652780056,2023-03-05 23:55:00,10,36.0,+,yellow,2.0,1010.0,1010.1250778327171,1.0,2.0,
226,LEJR,36.7445983887,-6.0601100922,2023-03-06 00:00:00,10,36.0,+,yellow,10.0,1016.0,1016.121873726765,10.0,1.0,
227,LZTT,49.073600769,20.2411003113,2023-03-06 00:00:00,71,36.0,h,magenta,-2.0,1005.0,1005.1196790161637,-6.0,10.0,250.0
228,EGDM,51.1521987915,-1.747410059,2023-03-05 23:50:00,10,36.0,+,yellow,1.0,1011.0,1011.124537808362,-0.0,6.0,300.0
229,EGQK,57.6493988037,-3.5606400967,2023-03-05 23:50:00,61,36.0,^,green,4.0,1006.0,1006.1236370235205,3.0,4.0,220.0
230,EGQL,56.3728981018,-2.8684399128,2023-03-05 23:50:00,61,36.0,^,green,4.0,1008.0,1008.1238365078283,2.0,3.0,270.0
231,LTAR,39.8138008118,36.9034996033,2023-03-05 23:50:00,61,36.0,^,green,6.0,1003.0,1003.1091387518968,1.0,22.0,180.0
232,LTBQ,40.7350006104,30.0832996368,2023-03-05 23:50:00,80,36.0,q,green,8.0,1009.0,1009.1216978511532,7.0,4.0,200.0
233,EGDM,51.1521987915,-1.747410059,2023-03-05 23:50:00,10,36.0,+,yellow,1.0,1011.0,1011.124537808362,-0.0,6.0,300.0
234,EGOV,53.2481002808,-4.5353398323,2023-03-05 23:50:00,61,36.0,^,green,7.0,1011.0,1011.1228086023546,5.0,12.0,280.0
235,EGQK,57.6493988037,-3.5606400967,2023-03-05 23:50:00,61,36.0,^,green,4.0,1006.0,1006.1236370235205,3.0,4.0,220.0
236,EGQL,56.3728981018,-2.8684399128,2023-03-05 23:50:00,61,36.0,^,green,4.0,1008.0,1008.1238365078283,2.0,3.0,270.0
237,EGVP,51.1394004822,-1.5686099529,2023-03-05 23:50:00,10,36.0,+,yellow,0.0,1012.0,1012.1254554353231,-1.0,2.0,310.0
238,EGYM,52.648399353,0.5506920218,2023-03-05 23:50:00,10,36.0,+,yellow,-1.0,1010.0,1010.1263452073875,-2.0,3.0,270.0
239,LPMT,38.7038993835,-9.0359201431,2023-03-06 00:00:00,42,36.0,K,yellow,11.0,1014.0,1014.1213072943482,11.0,4.0,120.0
240,LFLB,45.6380996704,5.88022995,2023-03-06 00:00:00,10,36.0,+,yellow,-1.0,1010.0,1010.1242638023734,-2.0,0.0,0.0
241,LFLN,46.4124984741,4.0132598877,2023-03-06 00:00:00,10,36.0,+,yellow,-4.0,1011.0,1011.125742393139,-5.0,2.0,160.0
242,LFMH,45.540599823,4.2963900566,2023-03-06 00:00:00,10,36.0,+,yellow,-3.0,1010.0,1010.1236065820408,-5.0,3.0,10.0
243,EBBL,51.1683006287,5.4699997902,2023-03-05 23:55:00,51,36.0,T,green,2.0,1009.0,1009.124426464521,2.0,7.0,240.0
244,EBCV,50.5758018494,3.8310000896,2023-03-05 23:55:00,10,36.0,+,yellow,2.0,1010.0,1010.1245673110117,1.0,1.0,
245,EBFN,51.0903015137,2.652780056,2023-03-05 23:55:00,10,36.0,+,yellow,2.0,1010.0,1010.1250778327171,1.0,2.0,
246,LFLB,45.6380996704,5.88022995,2023-03-06 00:00:00,10,36.0,+,yellow,-1.0,1010.0,1010.1242638023734,-2.0,0.0,0.0
247,LFLN,46.4124984741,4.0132598877,2023-03-06 00:00:00,10,36.0,+,yellow,-4.0,1011.0,1011.125742393139,-5.0,2.0,160.0
248,LFMH,45.540599823,4.2963900566,2023-03-06 00:00:00,10,36.0,+,yellow,-3.0,1010.0,1010.1236065820408,-5.0,3.0,10.0
249,EGDM,51.1521987915,-1.747410059,2023-03-05 23:50:00,10,36.0,+,yellow,1.0,1011.0,1011.124537808362,-0.0,6.0,300.0
250,EGOV,53.2481002808,-4.5353398323,2023-03-05 23:50:00,61,36.0,^,green,7.0,1011.0,1011.1228086023546,5.0,12.0,280.0
251,EGQK,57.6493988037,-3.5606400967,2023-03-05 23:50:00,61,36.0,^,green,4.0,1006.0,1006.1236370235205,3.0,4.0,220.0
252,EGQL,56.3728981018,-2.8684399128,2023-03-05 23:50:00,61,36.0,^,green,4.0,1008.0,1008.1238365078283,2.0,3.0,270.0
253,EGVP,51.1394004822,-1.5686099529,2023-03-05 23:50:00,10,36.0,+,yellow,0.0,1012.0,1012.1254554353231,-1.0,2.0,310.0
254,EGYM,52.648399353,0.5506920218,2023-03-05 23:50:00,10,36.0,+,yellow,-1.0,1010.0,1010.1263452073875,-2.0,3.0,270.0
255,EPKT,50.4743003845,19.0799999237,2023-03-06 00:00:00,71,36.0,h,magenta,-2.0,1006.0,1006.1236084068869,-3.0,7.0,250.0
256,LFOH,49.5339012146,0.0880559981,2023-03-06 00:00:00,61,36.0,^,green,4.0,1011.0,1011.123412055794,2.0,6.0,250.0
257,EBBL,51.1683006287,5.4699997902,2023-03-05 23:55:00,51,36.0,T,green,2.0,1009.0,1009.124426464521,2.0,7.0,240.0
258,EBCV,50.5758018494,3.8310000896,2023-03-05 23:55:00,10,36.0,+,yellow,2.0,1010.0,1010.1245673110117,1.0,1.0,
259,EBFN,51.0903015137,2.652780056,2023-03-05 23:55:00,10,36.0,+,yellow,2.0,1010.0,1010.1250778327171,1.0,2.0,
260,EGPB,59.8788986206,-1.2955600023,2023-03-05 23:50:00,61,36.0,^,green,4.0,1004.0,1004.1233969930894,1.0,12.0,250.0
261,EGDM,51.1521987915,-1.747410059,2023-03-05 23:50:00,10,36.0,+,yellow,1.0,1011.0,1011.124537808362,-0.0,6.0,300.0
262,EGOV,53.2481002808,-4.5353398323,2023-03-05 23:50:00,61,36.0,^,green,7.0,1011.0,1011.1228086023546,5.0,12.0,280.0
263,EGQK,57.6493988037,-3.5606400967,2023-03-05 23:50:00,61,36.0,^,green,4.0,1006.0,1006.1236370235205,3.0,4.0,220.0
264,EGQL,56.3728981018,-2.8684399128,2023-03-05 23:50:00,61,36.0,^,green,4.0,1008.0,1008.1238365078283,2.0,3.0,270.0
265,LJCE,45.9000015259,15.5302000046,2023-03-06 00:00:00,10,36.0,+,yellow,-2.0,1010.0,1010.1255225990043,-2.0,1.0,
266,LEAL,38.2821998596,-0.5581560135,2023-03-06 00:00:00,61,36.0,^,green,11.0,1013.0,1013.1209235226917,9.0,2.0,250.0
267,LEIB,38.8728981018,1.3731199503,2023-03-06 00:00:00,61,36.0,^,green,13.0,1013.0,1013.1203501088887,7.0,18.0,230.0
268,LEMD,40.4936,-3.56676,2023-03-06 00:00:00,10,36.0,+,yellow,5.0,1013.0,1013.1185636028022,4.0,3.0,160.0
269,LEVC,39.4892997742,-0.4816249907,2023-03-06 00:00:00,61,36.0,^,green,10.0,1012.0,1012.1209881403586,7.0,8.0,240.0
270,LEVX,42.2318000793,-8.6267700195,2023-03-06 00:00:00,45,36.0,N,yellow,8.0,1011.0,1011.1200824134102,8.0,6.0,190.0
271,LEZL,37.4179992676,-5.8931097984,2023-03-06 00:00:00,10,36.0,+,yellow,13.0,1015.0,1015.1203484095413,13.0,1.0,
272,LEJR,36.7445983887,-6.0601100922,2023-03-06 00:00:00,10,36.0,+,yellow,10.0,1016.0,1016.121873726765,10.0,1.0,
273,LEXJ,43.4271011353,-3.8200099468,2023-03-06 00:00:00,10,36.0,+,yellow,5.0,1013.0,1013.1240448988971,4.0,1.0,200.0
274,LELC,37.7750015259,-0.8123890162,2023-03-06 00:00:00,61,36.0,^,green,12.0,1013.0,1013.1208322699895,10.0,2.0,180.0
275,LEMI,37.803,-1.125,2023-03-06 00:00:00,61,36.0,^,green,10.0,1013.0,1013.120035027314,8.0,4.0,290.0
276,LRCK,44.3622016907,28.4883003235,2023-03-06 00:00:00,10,36.0,+,yellow,0.0,1009.0,1009.1249185918641,-0.0,2.0,
277,UWKD,55.6062011719,49.2787017822,2023-03-06 00:00:00,71,36.0,h,magenta,-3.0,993.0,993.1241677362026,-5.0,8.0,260.0
278,UWWW,53.504901886,50.1642990112,2023-03-06 00:00:00,71,36.0,h,magenta,-2.0,999.0,999.1242524429607,-6.0,6.0,240.0
279,UMBB,52.1082992554,23.8980998993,2023-03-06 00:00:00,10,36.0,+,yellow,-4.0,1004.0,1004.1258482308839,-5.0,2.0,220.0
280,URKA,45.0021018982,37.3473014832,2023-03-06 00:00:00,80,36.0,q,green,7.0,1005.0,1005.1216945811681,6.0,3.0,50.0
281,URKK,45.0346984863,39.170501709,2023-03-06 00:00:00,80,36.0,q,green,8.0,1005.0,1005.1213936271549,7.0,2.0,10.0
282,URMG,43.3883018494,45.698600769,2023-03-06 00:00:00,45,36.0,N,yellow,1.0,1006.0,1006.1251149358158,1.0,3.0,80.0
283,URMT,45.1091995239,42.1128005981,2023-03-06 00:00:00,61,36.0,^,green,5.0,1004.0,1004.1188730314664,3.0,2.0,130.0
284,URWA,46.2832984924,48.0063018799,2023-03-06 00:00:00,10,36.0,+,yellow,1.0,1010.0,1010.1258058422288,1.0,0.0,0.0
285,UUBP,53.2141990662,34.176399231,2023-03-06 00:00:00,71,36.0,h,magenta,-4.0,1000.0,1000.1247668154502,-7.0,4.0,240.0
286,UWGG,56.2300987244,43.7840003967,2023-03-06 00:00:00,71,36.0,h,magenta,-3.0,996.0,996.125003668925,-3.0,3.0,270.0
287,ULAA,64.6003036499,40.7167015076,2023-03-06 00:00:00,10,36.0,+,yellow,-22.0,1000.0,1000.1358020659985,-24.0,0.0,0.0
288,ULMM,68.7817001343,32.7508010864,2023-03-06 00:00:00,85,36.0,v,magenta,-8.0,998.0,998.1276365665404,-8.0,0.0,0.0
289,ULOO,57.7839012146,28.3955993652,2023-03-06 00:00:00,71,36.0,h,magenta,-3.0,995.0,995.1251829602492,-4.0,3.0,260.0
290,ULPB,61.8852005005,34.1547012329,2023-03-06 00:00:00,71,36.0,h,magenta,-9.0,996.0,996.128231063831,-12.0,2.0,100.0
291,LPBJ,38.0788993835,-7.9324002266,2023-03-06 00:00:00,44,36.0,M,yellow,8.0,1015.0,1015.1211596755827,8.0,5.0,200.0
292,EGDM,51.1521987915,-1.747410059,2023-03-05 23:50:00,10,36.0,+,yellow,1.0,1011.0,1011.124537808362,-0.0,6.0,300.0
293,EGOV,53.2481002808,-4.5353398323,2023-03-05 23:50:00,61,36.0,^,green,7.0,1011.0,1011.1228086023546,5.0,12.0,280.0
294,EGQK,57.6493988037,-3.5606400967,2023-03-05 23:50:00,61,36.0,^,green,4.0,1006.0,1006.1236370235205,3.0,4.0,220.0
295,EGQL,56.3728981018,-2.8684399128,2023-03-05 23:50:00,61,36.0,^,green,4.0,1008.0,1008.1238365078283,2.0,3.0,270.0
296,EGVP,51.1394004822,-1.5686099529,2023-03-05 23:50:00,10,36.0,+,yellow,0.0,1012.0,1012.1254554353231,-1.0,2.0,310.0
297,EGYM,52.648399353,0.5506920218,2023-03-05 23:50:00,10,36.0,+,yellow,-1.0,1010.0,1010.1263452073875,-2.0,3.0,270.0
298,EHLW,53.2285995483,5.7605600357,2023-03-06 00:00:00,80,36.0,q,green,3.0,1006.0,1006.1241610424269,2.0,10.0,260.0
299,LEAB,38.9485015869,-1.8635200262,2023-03-06 00:00:00,61,36.0,^,green,5.0,1013.0,1013.1177744494227,4.0,2.0,
300,ENRA,66.363899231,14.3014001846,2023-03-05 23:50:00,71,36.0,h,magenta,-13.0,1002.0,1002.1307657373619,-14.0,2.0,
301,LEBA,37.841999054,-4.8488798141,2023-03-06 00:00:00,45,36.0,N,yellow,7.0,1015.0,1015.1225582923691,7.0,3.0,350.0
302,LEVC,39.4892997742,-0.4816249907,2023-03-06 00:00:00,61,36.0,^,green,10.0,1012.0,1012.1209881403586,7.0,8.0,240.0
303,LPMT,38.7038993835,-9.0359201431,2023-03-06 00:00:00,42,36.0,K,yellow,11.0,1014.0,1014.1213072943482,11.0,4.0,120.0
304,LRCK,44.3622016907,28.4883003235,2023-03-06 00:00:00,10,36.0,+,yellow,0.0,1009.0,1009.1249185918641,-0.0,2.0,
305,LEIB,38.8728981018,1.3731199503,2023-03-06 00:00:00,61,36.0,^,green,13.0,1013.0,1013.1203501088887,7.0,18.0,230.0
306,LEVX,42.2318000793,-8.6267700195,2023-03-06 00:00:00,45,36.0,N,yellow,8.0,1011.0,1011.1200824134102,8.0,6.0,190.0
307,LEZL,37.4179992676,-5.8931097984,2023-03-06 00:00:00,10,36.0,+,yellow,13.0,1015.0,1015.1203484095413,13.0,1.0,
308,LFOH,49.5339012146,0.0880559981,2023-03-06 00:00:00,61,36.0,^,green,4.0,1011.0,1011.123412055794,2.0,6.0,250.0
309,URKA,45.0021018982,37.3473014832,2023-03-06 00:00:00,80,36.0,q,green,7.0,1005.0,1005.1216945811681,6.0,3.0,50.0
310,UWGG,56.2300987244,43.7840003967,2023-03-06 00:00:00,71,36.0,h,magenta,-3.0,996.0,996.125003668925,-3.0,3.0,270.0
311,UWKD,55.6062011719,49.2787017822,2023-03-06 00:00:00,71,36.0,h,magenta,-3.0,993.0,993.1241677362026,-5.0,8.0,260.0
312,LEAL,38.2821998596,-0.5581560135,2023-03-06 00:00:00,61,36.0,^,green,11.0,1013.0,1013.1209235226917,9.0,2.0,250.0
313,LELC,37.7750015259,-0.8123890162,2023-03-06 00:00:00,61,36.0,^,green,12.0,1013.0,1013.1208322699895,10.0,2.0,180.0
314,LEMD,40.4936,-3.56676,2023-03-06 00:00:00,10,36.0,+,yellow,5.0,1013.0,1013.1185636028022,4.0,3.0,160.0
315,LEXJ,43.4271011353,-3.8200099468,2023-03-06 00:00:00,10,36.0,+,yellow,5.0,1013.0,1013.1240448988971,4.0,1.0,200.0
316,LPBJ,38.0788993835,-7.9324002266,2023-03-06 00:00:00,44,36.0,M,yellow,8.0,1015.0,1015.1211596755827,8.0,5.0,200.0
317,EHLW,53.2285995483,5.7605600357,2023-03-06 00:00:00,80,36.0,q,green,3.0,1006.0,1006.1241610424269,2.0,10.0,260.0
318,EPKT,50.4743003845,19.0799999237,2023-03-06 00:00:00,71,36.0,h,magenta,-2.0,1006.0,1006.1236084068869,-3.0,7.0,250.0
319,LRCK,44.3622016907,28.4883003235,2023-03-06 00:00:00,10,36.0,+,yellow,0.0,1009.0,1009.1249185918641,-0.0,2.0,
320,LZTT,49.073600769,20.2411003113,2023-03-06 00:00:00,71,36.0,h,magenta,-2.0,1005.0,1005.1196790161637,-6.0,10.0,250.0
321,LFLB,45.6380996704,5.88022995,2023-03-06 00:00:00,10,36.0,+,yellow,-1.0,1010.0,1010.1242638023734,-2.0,0.0,0.0
322,LFMH,45.540599823,4.2963900566,2023-03-06 00:00:00,10,36.0,+,yellow,-3.0,1010.0,1010.1236065820408,-5.0,3.0,10.0
323,LFOH,49.5339012146,0.0880559981,2023-03-06 00:00:00,61,36.0,^,green,4.0,1011.0,1011.123412055794,2.0,6.0,250.0
324,LPBJ,38.0788993835,-7.9324002266,2023-03-06 00:00:00,44,36.0,M,yellow,8.0,1015.0,1015.1211596755827,8.0,5.0,200.0
325,LPBJ,38.0788993835,-7.9324002266,2023-03-06 00:00:00,44,36.0,M,yellow,8.0,1015.0,1015.1211596755827,8.0,5.0,200.0
326,LPMT,38.7038993835,-9.0359201431,2023-03-06 00:00:00,42,36.0,K,yellow,11.0,1014.0,1014.1213072943482,11.0,4.0,120.0
327,ULAA,64.6003036499,40.7167015076,2023-03-06 00:00:00,10,36.0,+,yellow,-22.0,1000.0,1000.1358020659985,-24.0,0.0,0.0
328,UMBB,52.1082992554,23.8980998993,2023-03-06 00:00:00,10,36.0,+,yellow,-4.0,1004.0,1004.1258482308839,-5.0,2.0,220.0
329,ULMM,68.7817001343,32.7508010864,2023-03-06 00:00:00,85,36.0,v,magenta,-8.0,998.0,998.1276365665404,-8.0,0.0,0.0
330,URKA,45.0021018982,37.3473014832,2023-03-06 00:00:00,80,36.0,q,green,7.0,1005.0,1005.1216945811681,6.0,3.0,50.0
331,URKK,45.0346984863,39.170501709,2023-03-06 00:00:00,80,36.0,q,green,8.0,1005.0,1005.1213936271549,7.0,2.0,10.0
332,URMT,45.1091995239,42.1128005981,2023-03-06 00:00:00,61,36.0,^,green,5.0,1004.0,1004.1188730314664,3.0,2.0,130.0
333,URWA,46.2832984924,48.0063018799,2023-03-06 00:00:00,10,36.0,+,yellow,1.0,1010.0,1010.1258058422288,1.0,0.0,0.0
334,UUBP,53.2141990662,34.176399231,2023-03-06 00:00:00,71,36.0,h,magenta,-4.0,1000.0,1000.1247668154502,-7.0,4.0,240.0
335,UWGG,56.2300987244,43.7840003967,2023-03-06 00:00:00,71,36.0,h,magenta,-3.0,996.0,996.125003668925,-3.0,3.0,270.0
336,UWKD,55.6062011719,49.2787017822,2023-03-06 00:00:00,71,36.0,h,magenta,-3.0,993.0,993.1241677362026,-5.0,8.0,260.0
337,UWWW,53.504901886,50.1642990112,2023-03-06 00:00:00,71,36.0,h,magenta,-2.0,999.0,999.1242524429607,-6.0,6.0,240.0
338,LEAL,38.2821998596,-0.5581560135,2023-03-06 00:00:00,61,36.0,^,green,11.0,1013.0,1013.1209235226917,9.0,2.0,250.0
339,LEIB,38.8728981018,1.3731199503,2023-03-06 00:00:00,61,36.0,^,green,13.0,1013.0,1013.1203501088887,7.0,18.0,230.0
340,LEJR,36.7445983887,-6.0601100922,2023-03-06 00:00:00,10,36.0,+,yellow,10.0,1016.0,1016.121873726765,10.0,1.0,
341,LELC,37.7750015259,-0.8123890162,2023-03-06 00:00:00,61,36.0,^,green,12.0,1013.0,1013.1208322699895,10.0,2.0,180.0
342,LEMD,40.4936,-3.56676,2023-03-06 00:00:00,10,36.0,+,yellow,5.0,1013.0,1013.1185636028022,4.0,3.0,160.0
343,LEVC,39.4892997742,-0.4816249907,2023-03-06 00:00:00,61,36.0,^,green,10.0,1012.0,1012.1209881403586,7.0,8.0,240.0
344,LEVX,42.2318000793,-8.6267700195,2023-03-06 00:00:00,45,36.0,N,yellow,8.0,1011.0,1011.1200824134102,8.0,6.0,190.0
345,LEXJ,43.4271011353,-3.8200099468,2023-03-06 00:00:00,10,36.0,+,yellow,5.0,1013.0,1013.1240448988971,4.0,1.0,200.0
346,LEZL,37.4179992676,-5.8931097984,2023-03-06 00:00:00,10,36.0,+,yellow,13.0,1015.0,1015.1203484095413,13.0,1.0,
347,EFHA,61.8559989929,24.7866001129,2023-03-05 23:50:00,85,36.0,v,magenta,-12.0,994.0,994.1284249500064,-13.0,5.0,320.0
348,EFJO,62.6628990173,29.6075000763,2023-03-05 23:50:00,71,36.0,h,magenta,-8.0,994.0,994.126718123886,-9.0,4.0,90.0
349,EFKS,65.9876022339,29.2394008636,2023-03-05 23:50:00,85,36.0,v,magenta,-20.0,996.0,996.1314717422663,-23.0,3.0,60.0
350,EFLP,61.0446014404,28.1443996429,2023-03-05 23:50:00,71,36.0,h,magenta,-5.0,992.0,992.1251725240223,-6.0,3.0,70.0
351,EFMI,61.6865997314,27.2017993927,2023-03-05 23:50:00,71,36.0,h,magenta,-7.0,993.0,993.1263185693516,-10.0,4.0,20.0
352,EFSA,61.9430999756,28.9451007843,2023-03-05 23:50:00,85,36.0,v,magenta,-10.0,994.0,994.1279653615666,-12.0,1.0,
353,EFSI,62.6921005249,22.8323001862,2023-03-05 23:50:00,85,36.0,v,magenta,-8.0,995.0,995.1271415532634,-9.0,1.0,
354,EFUT,60.8964004517,26.9384002686,2023-03-05 23:50:00,71,36.0,h,magenta,-5.0,992.0,992.125202571809,-6.0,4.0,70.0
355,EGVP,51.1394004822,-1.5686099529,2023-03-05 23:50:00,10,36.0,+,yellow,0.0,1012.0,1012.1254554353231,-1.0,2.0,310.0
356,EGYM,52.648399353,0.5506920218,2023-03-05 23:50:00,10,36.0,+,yellow,-1.0,1010.0,1010.1263452073875,-2.0,3.0,270.0
357,ENHK,70.4867019653,22.1396999359,2023-03-05 23:50:00,75,36.0,l,magenta,-5.0,995.0,995.1265472221596,-6.0,8.0,230.0
358,EPLL,51.7219009399,19.3980998993,2023-03-06 00:00:00,49,36.0,R,red,-6.0,1006.0,1006.126645278155,-7.0,2.0,220.0
359,EVLA,56.5175018311,21.0969009399,2023-03-05 23:50:00,71,36.0,h,magenta,-2.0,997.0,997.1253709113788,-3.0,8.0,230.0
360,LEAB,38.9485015869,-1.8635200262,2023-03-06 00:00:00,61,36.0,^,green,5.0,1013.0,1013.1177744494227,4.0,2.0,
361,LEBA,37.841999054,-4.8488798141,2023-03-06 00:00:00,45,36.0,N,yellow,7.0,1015.0,1015.1225582923691,7.0,3.0,350.0
362,LGHI,38.3432006836,26.1406002045,2023-03-05 23:50:00,61,36.0,^,green,9.0,1009.0,1009.1217055239302,8.0,4.0,310.0
363,LTBR,40.2551994324,29.5625991821,2023-03-05 23:50:00,80,36.0,q,green,7.0,1009.0,1009.120541013029,6.0,7.0,250.0
364,LTBR,40.2551994324,29.5625991821,2023-03-05 23:50:00,80,36.0,q,green,7.0,1009.0,1009.120541013029,6.0,7.0,250.0
365,LTFH,41.2545013428,36.5671005249,2023-03-05 23:50:00,80,36.0,q,green,10.0,1000.0,1000.120160063329,9.0,8.0,100.0
366,ULOO,57.7839012146,28.3955993652,2023-03-06 00:00:00,71,36.0,h,magenta,-3.0,995.0,995.1251829602492,-4.0,3.0,260.0
367,LIPL,45.4322013855,10.2677001953,2023-03-05 23:55:00,10,36.0,+,yellow,5.0,1007.0,1007.1224064586202,5.0,5.0,80.0
368,LIPS,45.6848983765,12.0829000473,2023-03-05 23:55:00,10,36.0,+,yellow,7.0,1008.0,1008.122161947141,4.0,2.0,50.0
369,LIBP,42.4317016602,14.1810998917,2023-03-05 23:50:00,10,36.0,+,yellow,2.0,1010.0,1010.1249953974733,1.0,5.0,220.0
370,ENAN,69.2925033569,16.1441993713,2023-03-05 23:50:00,75,36.0,l,magenta,-5.0,998.0,998.1268612592373,-6.0,31.0,360.0
371,EGOV,53.2481002808,-4.5353398323,2023-03-05 23:50:00,61,36.0,^,green,7.0,1011.0,1011.1228086023546,5.0,12.0,280.0
372,EGVP,51.1394004822,-1.5686099529,2023-03-05 23:50:00,10,36.0,+,yellow,0.0,1012.0,1012.1254554353231,-1.0,2.0,310.0
373,EGYM,52.648399353,0.5506920218,2023-03-05 23:50:00,10,36.0,+,yellow,-1.0,1010.0,1010.1263452073875,-2.0,3.0,270.0
374,LEAB,38.9485015869,-1.8635200262,2023-03-06 00:00:00,61,36.0,^,green,5.0,1013.0,1013.1177744494227,4.0,2.0,
375,LEBA,37.841999054,-4.8488798141,2023-03-06 00:00:00,45,36.0,N,yellow,7.0,1015.0,1015.1225582923691,7.0,3.0,350.0
376,LIPL,45.4322013855,10.2677001953,2023-03-05 23:55:00,10,36.0,+,yellow,5.0,1007.0,1007.1224064586202,5.0,5.0,80.0
377,LIPS,45.6848983765,12.0829000473,2023-03-05 23:55:00,10,36.0,+,yellow,7.0,1008.0,1008.122161947141,4.0,2.0,50.0
378,LIPL,45.4322013855,10.2677001953,2023-03-05 23:55:00,10,36.0,+,yellow,5.0,1007.0,1007.1224064586202,5.0,5.0,80.0
379,LIPS,45.6848983765,12.0829000473,2023-03-05 23:55:00,10,36.0,+,yellow,7.0,1008.0,1008.122161947141,4.0,2.0,50.0
380,EHLW,53.2285995483,5.7605600357,2023-03-06 00:06:00,61,36.0,^,green,3.0,1006.0,1006.1241610424269,2.0,10.0,250.0
381,EHLW,53.2285995483,5.7605600357,2023-03-06 00:06:00,61,36.0,^,green,3.0,1006.0,1006.1241610424269,2.0,10.0,250.0
382,UUBP,53.2141990662,34.176399231,2023-03-06 00:00:00,71,36.0,h,magenta,-4.0,1000.0,1000.1247668154502,-7.0,4.0,240.0
383,UWGG,56.2300987244,43.7840003967,2023-03-06 00:00:00,71,36.0,h,magenta,-3.0,996.0,996.125003668925,-3.0,3.0,270.0
384,LIPL,45.4322013855,10.2677001953,2023-03-05 23:55:00,10,36.0,+,yellow,5.0,1007.0,1007.1224064586202,5.0,5.0,80.0
385,LIPS,45.6848983765,12.0829000473,2023-03-05 23:55:00,10,36.0,+,yellow,7.0,1008.0,1008.122161947141,4.0,2.0,50.0
386,EHKD,52.9234008789,4.7806200981,2023-03-06 00:15:00,81,36.0,r,green,3.0,1007.0,1007.1242844629462,1.0,10.0,300.0
387,EHKD,52.9234008789,4.7806200981,2023-03-06 00:15:00,81,36.0,r,green,3.0,1007.0,1007.1242844629462,1.0,10.0,300.0
388,ENRO,62.5783996582,11.342300415,2023-03-06 00:20:00,71,36.0,h,magenta,-9.0,998.0,998.122767728899,-11.0,1.0,230.0
389,ENAN,69.2925033569,16.1441993713,2023-03-06 00:20:00,75,36.0,l,magenta,-5.0,998.0,998.1268612592373,-7.0,31.0,10.0
390,ENDU,69.0558013916,18.5403995514,2023-03-06 00:20:00,85,36.0,v,magenta,-10.0,998.0,998.1286661891801,-12.0,3.0,140.0
391,ENVA,63.4578018188,10.9239997864,2023-03-06 00:20:00,44,36.0,M,yellow,-10.0,1003.0,1003.1299352900197,-11.0,5.0,90.0
392,EFHK,60.317199707,24.963300705,2023-03-06 00:20:00,71,36.0,h,magenta,-4.0,993.0,993.12533294753,-5.0,4.0,290.0
393,EFTU,60.5140991211,22.2628002167,2023-03-06 00:20:00,71,36.0,h,magenta,-4.0,994.0,994.1255133990996,-5.0,2.0,290.0
394,EFVA,63.0507011414,21.7621994019,2023-03-06 00:20:00,71,36.0,h,magenta,-6.0,996.0,996.1271676307806,-7.0,2.0,
395,EFRO,66.5647964478,25.8304004669,2023-03-06 00:20:00,71,36.0,h,magenta,-11.0,997.0,997.1278075996488,-12.0,3.0,130.0
396,LSZB,46.914100647,7.4971499443,2023-03-06 00:20:00,10,36.0,+,yellow,-4.0,1009.0,1009.1229402319117,-4.0,1.0,320.0
397,LPBJ,38.0788993835,-7.9324002266,2023-03-06 00:17:00,45,36.0,N,yellow,8.0,1015.0,1015.1211596755827,8.0,6.0,200.0
398,LPBJ,38.0788993835,-7.9324002266,2023-03-06 00:17:00,45,36.0,N,yellow,8.0,1015.0,1015.1211596755827,8.0,6.0,200.0
399,LPBJ,38.0788993835,-7.9324002266,2023-03-06 00:17:00,45,36.0,N,yellow,8.0,1015.0,1015.1211596755827,8.0,6.0,200.0
400,EKEB,55.5259017944,8.5534000397,2023-03-06 00:20:00,71,36.0,h,magenta,-0.0,1004.0,1004.1250533998673,-2.0,7.0,230.0
401,LSMP,46.8432006836,6.9150600433,2023-03-06 00:20:00,10,36.0,+,yellow,-2.0,1009.0,1009.1226300848776,-4.0,1.0,
402,EFKU,63.0070991516,27.7978000641,2023-03-06 00:20:00,71,36.0,h,magenta,-11.0,994.0,994.1284218564988,-12.0,3.0,320.0
403,EFKK,63.7211990356,23.1431007385,2023-03-06 00:20:00,71,36.0,h,magenta,-7.0,997.0,997.1275836827878,-8.0,5.0,20.0
404,EFJO,62.6628990173,29.6075000763,2023-03-06 00:20:00,71,36.0,h,magenta,-8.0,994.0,994.126718123886,-9.0,5.0,90.0
405,EFLP,61.0446014404,28.1443996429,2023-03-06 00:20:00,71,36.0,h,magenta,-5.0,992.0,992.1251725240223,-6.0,5.0,60.0
406,EFMI,61.6865997314,27.2017993927,2023-03-06 00:20:00,71,36.0,h,magenta,-7.0,993.0,993.1263185693516,-10.0,4.0,20.0
407,EFSA,61.9430999756,28.9451007843,2023-03-06 00:20:00,71,36.0,h,magenta,-10.0,993.0,993.1278366237783,-12.0,2.0,30.0
408,EFSI,62.6921005249,22.8323001862,2023-03-06 00:20:00,71,36.0,h,magenta,-8.0,995.0,995.1271415532634,-9.0,2.0,300.0
409,EFUT,60.8964004517,26.9384002686,2023-03-06 00:20:00,71,36.0,h,magenta,-5.0,992.0,992.125202571809,-6.0,3.0,50.0
410,EFKE,65.7787017822,24.5820999146,2023-03-06 00:20:00,71,36.0,h,magenta,-10.0,999.0,999.1294011616595,-12.0,3.0,60.0
411,EFKS,65.9876022339,29.2394008636,2023-03-06 00:20:00,85,36.0,v,magenta,-20.0,996.0,996.1314717422663,-22.0,2.0,320.0
412,EDDH,53.6304016113,9.9882297516,2023-03-06 00:20:00,10,36.0,+,yellow,-0.0,1005.0,1005.1253085712767,-0.0,1.0,230.0
413,EDDK,50.8658981323,7.1427397728,2023-03-06 00:20:00,61,36.0,^,green,3.0,1009.0,1009.1236633405462,1.0,8.0,270.0
414,EDDL,51.2895011902,6.7667798996,2023-03-06 00:20:00,80,36.0,q,green,3.0,1008.0,1008.1239887675965,2.0,7.0,240.0
415,EDDC,51.1328010559,13.76720047,2023-03-06 00:20:00,71,36.0,h,magenta,2.0,1006.0,1006.1224624011439,-1.0,6.0,260.0
416,EDDC,51.1328010559,13.76720047,2023-03-06 00:20:00,71,36.0,h,magenta,2.0,1006.0,1006.1224624011439,-1.0,6.0,260.0
417,EFJO,62.6628990173,29.6075000763,2023-03-06 00:20:00,71,36.0,h,magenta,-8.0,994.0,994.126718123886,-9.0,5.0,90.0
418,EFKS,65.9876022339,29.2394008636,2023-03-06 00:20:00,85,36.0,v,magenta,-20.0,996.0,996.1314717422663,-22.0,2.0,320.0
419,EFLP,61.0446014404,28.1443996429,2023-03-06 00:20:00,71,36.0,h,magenta,-5.0,992.0,992.1251725240223,-6.0,5.0,60.0
420,EFMI,61.6865997314,27.2017993927,2023-03-06 00:20:00,71,36.0,h,magenta,-7.0,993.0,993.1263185693516,-10.0,4.0,20.0
421,EFSA,61.9430999756,28.9451007843,2023-03-06 00:20:00,71,36.0,h,magenta,-10.0,993.0,993.1278366237783,-12.0,2.0,30.0
422,EFSI,62.6921005249,22.8323001862,2023-03-06 00:20:00,71,36.0,h,magenta,-8.0,995.0,995.1271415532634,-9.0,2.0,300.0
423,EFUT,60.8964004517,26.9384002686,2023-03-06 00:20:00,71,36.0,h,magenta,-5.0,992.0,992.125202571809,-6.0,3.0,50.0
424,ENAN,69.2925033569,16.1441993713,2023-03-06 00:20:00,75,36.0,l,magenta,-5.0,998.0,998.1268612592373,-7.0,31.0,10.0
425,ENDU,69.0558013916,18.5403995514,2023-03-06 00:20:00,85,36.0,v,magenta,-10.0,998.0,998.1286661891801,-12.0,3.0,140.0
426,ENRO,62.5783996582,11.342300415,2023-03-06 00:20:00,71,36.0,h,magenta,-9.0,998.0,998.122767728899,-11.0,1.0,230.0
427,ENVA,63.4578018188,10.9239997864,2023-03-06 00:20:00,44,36.0,M,yellow,-10.0,1003.0,1003.1299352900197,-11.0,5.0,90.0
428,LSZB,46.914100647,7.4971499443,2023-03-06 00:20:00,10,36.0,+,yellow,-4.0,1009.0,1009.1229402319117,-4.0,1.0,320.0
429,EFHK,60.317199707,24.963300705,2023-03-06 00:20:00,71,36.0,h,magenta,-4.0,993.0,993.12533294753,-5.0,4.0,290.0
430,EFKK,63.7211990356,23.1431007385,2023-03-06 00:20:00,71,36.0,h,magenta,-7.0,997.0,997.1275836827878,-8.0,5.0,20.0
431,EFKS,65.9876022339,29.2394008636,2023-03-06 00:20:00,85,36.0,v,magenta,-20.0,996.0,996.1314717422663,-22.0,2.0,320.0
432,EFKU,63.0070991516,27.7978000641,2023-03-06 00:20:00,71,36.0,h,magenta,-11.0,994.0,994.1284218564988,-12.0,3.0,320.0
433,EFRO,66.5647964478,25.8304004669,2023-03-06 00:20:00,71,36.0,h,magenta,-11.0,997.0,997.1278075996488,-12.0,3.0,130.0
434,EFSI,62.6921005249,22.8323001862,2023-03-06 00:20:00,71,36.0,h,magenta,-8.0,995.0,995.1271415532634,-9.0,2.0,300.0
435,EFTU,60.5140991211,22.2628002167,2023-03-06 00:20:00,71,36.0,h,magenta,-4.0,994.0,994.1255133990996,-5.0,2.0,290.0
436,EFVA,63.0507011414,21.7621994019,2023-03-06 00:20:00,71,36.0,h,magenta,-6.0,996.0,996.1271676307806,-7.0,2.0,
437,LSZB,46.914100647,7.4971499443,2023-03-06 00:20:00,10,36.0,+,yellow,-4.0,1009.0,1009.1229402319117,-4.0,1.0,320.0
438,EGPC,58.4589004517,-3.0930600166,2023-03-06 00:20:00,61,36.0,^,green,2.0,99999.0,99999.0,1.0,6.0,180.0
439,EGPE,57.5424995422,-4.0475001335,2023-03-06 00:20:00,61,36.0,^,green,4.0,1006.0,1006.1236110188021,3.0,5.0,230.0
440,EGPO,58.2155990601,-6.3311100006,2023-03-06 00:20:00,61,36.0,^,green,4.0,1008.0,1008.1238712407885,3.0,12.0,340.0
441,EGPD,57.2019004822,-2.1977798939,2023-03-06 00:20:00,61,36.0,^,green,2.0,1006.0,1006.1240128850426,1.0,6.0,160.0
442,EGGP,53.3335990906,-2.8497200012,2023-03-06 00:20:00,16,36.0,1,,5.0,1010.0,1010.1234934646542,4.0,7.0,200.0
443,ESSA,59.6519012451,17.9186000824,2023-03-06 00:20:00,71,36.0,h,magenta,-5.0,997.0,997.1264467773417,-6.0,7.0,290.0
444,EDDC,51.1328010559,13.76720047,2023-03-06 00:20:00,71,36.0,h,magenta,2.0,1006.0,1006.1224624011439,-1.0,6.0,260.0
445,EDDL,51.2895011902,6.7667798996,2023-03-06 00:20:00,80,36.0,q,green,3.0,1008.0,1008.1239887675965,2.0,7.0,240.0
446,EKEB,55.5259017944,8.5534000397,2023-03-06 00:20:00,71,36.0,h,magenta,-0.0,1004.0,1004.1250533998673,-2.0,7.0,230.0
447,LSZB,46.914100647,7.4971499443,2023-03-06 00:20:00,10,36.0,+,yellow,-4.0,1009.0,1009.1229402319117,-4.0,1.0,320.0
448,EFJO,62.6628990173,29.6075000763,2023-03-06 00:20:00,71,36.0,h,magenta,-8.0,994.0,994.126718123886,-9.0,5.0,90.0
449,EFKE,65.7787017822,24.5820999146,2023-03-06 00:20:00,71,36.0,h,magenta,-10.0,999.0,999.1294011616595,-12.0,3.0,60.0
450,EFLP,61.0446014404,28.1443996429,2023-03-06 00:20:00,71,36.0,h,magenta,-5.0,992.0,992.1251725240223,-6.0,5.0,60.0
451,EFMI,61.6865997314,27.2017993927,2023-03-06 00:20:00,71,36.0,h,magenta,-7.0,993.0,993.1263185693516,-10.0,4.0,20.0
452,EFSA,61.9430999756,28.9451007843,2023-03-06 00:20:00,71,36.0,h,magenta,-10.0,993.0,993.1278366237783,-12.0,2.0,30.0
453,EFUT,60.8964004517,26.9384002686,2023-03-06 00:20:00,71,36.0,h,magenta,-5.0,992.0,992.125202571809,-6.0,3.0,50.0
454,EKEB,55.5259017944,8.5534000397,2023-03-06 00:20:00,71,36.0,h,magenta,-0.0,1004.0,1004.1250533998673,-2.0,7.0,230.0
455,LEMO,37.1749000549,-5.615940094,2023-03-06 00:30:00,10,36.0,+,yellow,10.0,1015.0,1015.1212227611059,9.0,5.0,200.0
456,EHKD,52.9234008789,4.7806200981,2023-03-06 00:19:00,80,36.0,q,green,3.0,1007.0,1007.1242844629462,2.0,8.0,280.0
457,LPBJ,38.0788993835,-7.9324002266,2023-03-06 00:17:00,45,36.0,N,yellow,8.0,1015.0,1015.1211596755827,8.0,6.0,200.0
458,EHKD,52.9234008789,4.7806200981,2023-03-06 00:19:00,80,36.0,q,green,3.0,1007.0,1007.1242844629462,2.0,8.0,280.0
459,EFHK,60.317199707,24.963300705,2023-03-06 00:20:00,71,36.0,h,magenta,-4.0,993.0,993.12533294753,-5.0,4.0,290.0
460,EDDC,51.1328010559,13.76720047,2023-03-06 00:20:00,71,36.0,h,magenta,2.0,1006.0,1006.1224624011439,-1.0,6.0,260.0
461,EDDH,53.6304016113,9.9882297516,2023-03-06 00:20:00,10,36.0,+,yellow,-0.0,1005.0,1005.1253085712767,-0.0,1.0,230.0
462,EDDK,50.8658981323,7.1427397728,2023-03-06 00:20:00,61,36.0,^,green,3.0,1009.0,1009.1236633405462,1.0,8.0,270.0
463,EDDL,51.2895011902,6.7667798996,2023-03-06 00:20:00,80,36.0,q,green,3.0,1008.0,1008.1239887675965,2.0,7.0,240.0
464,EKEB,55.5259017944,8.5534000397,2023-03-06 00:20:00,71,36.0,h,magenta,-0.0,1004.0,1004.1250533998673,-2.0,7.0,230.0
465,EBAW,51.1893997192,4.4602799416,2023-03-06 00:20:00,80,36.0,q,green,2.0,1010.0,1010.1250218826632,1.0,8.0,280.0
466,LIBP,42.4317016602,14.1810998917,2023-03-06 00:20:00,10,36.0,+,yellow,3.0,1010.0,1010.1245231862697,2.0,2.0,
467,LIPZ,45.5052986145,12.3519001007,2023-03-06 00:20:00,10,36.0,+,yellow,7.0,1008.0,1008.1225291110197,6.0,5.0,50.0
468,LIPO,45.4289016724,10.3305997849,2023-03-06 00:20:00,10,36.0,+,yellow,6.0,1007.0,1007.1218864420108,4.0,5.0,20.0
469,ENOV,62.1800003052,6.0741000175,2023-03-06 00:20:00,71,36.0,h,magenta,-3.0,1004.0,1004.1260468292121,-4.0,0.0,0.0
470,ENHK,70.4867019653,22.1396999359,2023-03-06 00:20:00,71,36.0,h,magenta,-5.0,995.0,995.1265472221596,-6.0,6.0,220.0
471,ENHV,71.0096969604,25.9836006165,2023-03-06 00:20:00,71,36.0,h,magenta,-6.0,996.0,996.127090474346,-9.0,9.0,190.0
472,ENKB,63.1118011475,7.8245201111,2023-03-06 00:20:00,75,36.0,l,magenta,-2.0,1003.0,1003.1255608332182,-4.0,5.0,230.0
473,ENML,62.7447013855,7.2624998093,2023-03-06 00:20:00,75,36.0,l,magenta,-2.0,1004.0,1004.1262692682296,-3.0,7.0,260.0
474,ENSH,68.2433013916,14.6691999435,2023-03-06 00:20:00,71,36.0,h,magenta,-5.0,1000.0,1000.1271646813555,-8.0,5.0,310.0
475,ENSK,68.5788269043,15.033416748,2023-03-06 00:20:00,75,36.0,l,magenta,-6.0,1000.0,1000.1277031532422,-7.0,3.0,
476,EDFH,49.9486999512,7.2638897896,2023-03-06 00:20:00,51,36.0,T,green,0.0,1008.0,1008.1210991950572,-0.0,6.0,240.0
477,EGPD,57.2019004822,-2.1977798939,2023-03-06 00:20:00,61,36.0,^,green,2.0,1006.0,1006.1240128850426,1.0,6.0,160.0
478,EGPE,57.5424995422,-4.0475001335,2023-03-06 00:20:00,61,36.0,^,green,4.0,1006.0,1006.1236110188021,3.0,5.0,230.0
479,ESSA,59.6519012451,17.9186000824,2023-03-06 00:20:00,71,36.0,h,magenta,-5.0,997.0,997.1264467773417,-6.0,7.0,290.0
480,EDDC,51.1328010559,13.76720047,2023-03-06 00:20:00,71,36.0,h,magenta,2.0,1006.0,1006.1224624011439,-1.0,6.0,260.0
481,EDDH,53.6304016113,9.9882297516,2023-03-06 00:20:00,10,36.0,+,yellow,-0.0,1005.0,1005.1253085712767,-0.0,1.0,230.0
482,EDDK,50.8658981323,7.1427397728,2023-03-06 00:20:00,61,36.0,^,green,3.0,1009.0,1009.1236633405462,1.0,8.0,270.0
483,EDDL,51.2895011902,6.7667798996,2023-03-06 00:20:00,80,36.0,q,green,3.0,1008.0,1008.1239887675965,2.0,7.0,240.0
484,EGGP,53.3335990906,-2.8497200012,2023-03-06 00:20:00,16,36.0,1,,5.0,1010.0,1010.1234934646542,4.0,7.0,200.0
485,EGPC,58.4589004517,-3.0930600166,2023-03-06 00:20:00,61,36.0,^,green,2.0,99999.0,99999.0,1.0,6.0,180.0
486,EGGP,53.3335990906,-2.8497200012,2023-03-06 00:20:00,16,36.0,1,,5.0,1010.0,1010.1234934646542,4.0,7.0,200.0
487,EGPC,58.4589004517,-3.0930600166,2023-03-06 00:20:00,61,36.0,^,green,2.0,99999.0,99999.0,1.0,6.0,180.0
488,EGPD,57.2019004822,-2.1977798939,2023-03-06 00:20:00,61,36.0,^,green,2.0,1006.0,1006.1240128850426,1.0,6.0,160.0
489,EGPE,57.5424995422,-4.0475001335,2023-03-06 00:20:00,61,36.0,^,green,4.0,1006.0,1006.1236110188021,3.0,5.0,230.0
490,EGGP,53.3335990906,-2.8497200012,2023-03-06 00:20:00,16,36.0,1,,5.0,1010.0,1010.1234934646542,4.0,7.0,200.0
491,EGPC,58.4589004517,-3.0930600166,2023-03-06 00:20:00,61,36.0,^,green,2.0,99999.0,99999.0,1.0,6.0,180.0
492,EGPD,57.2019004822,-2.1977798939,2023-03-06 00:20:00,61,36.0,^,green,2.0,1006.0,1006.1240128850426,1.0,6.0,160.0
493,EGPE,57.5424995422,-4.0475001335,2023-03-06 00:20:00,61,36.0,^,green,4.0,1006.0,1006.1236110188021,3.0,5.0,230.0
494,EBAW,51.1893997192,4.4602799416,2023-03-06 00:20:00,80,36.0,q,green,2.0,1010.0,1010.1250218826632,1.0,8.0,280.0
495,EDDH,53.6304016113,9.9882297516,2023-03-06 00:20:00,10,36.0,+,yellow,-0.0,1005.0,1005.1253085712767,-0.0,1.0,230.0
496,EDDK,50.8658981323,7.1427397728,2023-03-06 00:20:00,61,36.0,^,green,3.0,1009.0,1009.1236633405462,1.0,8.0,270.0
497,EDDL,51.2895011902,6.7667798996,2023-03-06 00:20:00,80,36.0,q,green,3.0,1008.0,1008.1239887675965,2.0,7.0,240.0
498,EKEB,55.5259017944,8.5534000397,2023-03-06 00:20:00,71,36.0,h,magenta,-0.0,1004.0,1004.1250533998673,-2.0,7.0,230.0
499,EFHK,60.317199707,24.963300705,2023-03-06 00:20:00,71,36.0,h,magenta,-4.0,993.0,993.12533294753,-5.0,4.0,290.0
500,EFKE,65.7787017822,24.5820999146,2023-03-06 00:20:00,71,36.0,h,magenta,-10.0,999.0,999.1294011616595,-12.0,3.0,60.0
501,EFKK,63.7211990356,23.1431007385,2023-03-06 00:20:00,71,36.0,h,magenta,-7.0,997.0,997.1275836827878,-8.0,5.0,20.0
502,EFKU,63.0070991516,27.7978000641,2023-03-06 00:20:00,71,36.0,h,magenta,-11.0,994.0,994.1284218564988,-12.0,3.0,320.0
503,EFRO,66.5647964478,25.8304004669,2023-03-06 00:20:00,71,36.0,h,magenta,-11.0,997.0,997.1278075996488,-12.0,3.0,130.0
504,EFTU,60.5140991211,22.2628002167,2023-03-06 00:20:00,71,36.0,h,magenta,-4.0,994.0,994.1255133990996,-5.0,2.0,290.0
505,EFVA,63.0507011414,21.7621994019,2023-03-06 00:20:00,71,36.0,h,magenta,-6.0,996.0,996.1271676307806,-7.0,2.0,
506,ENVA,63.4578018188,10.9239997864,2023-03-06 00:20:00,44,36.0,M,yellow,-10.0,1003.0,1003.1299352900197,-11.0,5.0,90.0
507,LIPZ,45.5052986145,12.3519001007,2023-03-06 00:20:00,10,36.0,+,yellow,7.0,1008.0,1008.1225291110197,6.0,5.0,50.0
508,ENAN,69.2925033569,16.1441993713,2023-03-06 00:20:00,75,36.0,l,magenta,-5.0,998.0,998.1268612592373,-7.0,31.0,10.0
509,ENDU,69.0558013916,18.5403995514,2023-03-06 00:20:00,85,36.0,v,magenta,-10.0,998.0,998.1286661891801,-12.0,3.0,140.0
510,ENHV,71.0096969604,25.9836006165,2023-03-06 00:20:00,71,36.0,h,magenta,-6.0,996.0,996.127090474346,-9.0,9.0,190.0
511,ENKB,63.1118011475,7.8245201111,2023-03-06 00:20:00,75,36.0,l,magenta,-2.0,1003.0,1003.1255608332182,-4.0,5.0,230.0
512,ENML,62.7447013855,7.2624998093,2023-03-06 00:20:00,75,36.0,l,magenta,-2.0,1004.0,1004.1262692682296,-3.0,7.0,260.0
513,ENOV,62.1800003052,6.0741000175,2023-03-06 00:20:00,71,36.0,h,magenta,-3.0,1004.0,1004.1260468292121,-4.0,0.0,0.0
514,ENRO,62.5783996582,11.342300415,2023-03-06 00:20:00,71,36.0,h,magenta,-9.0,998.0,998.122767728899,-11.0,1.0,230.0
515,ENSH,68.2433013916,14.6691999435,2023-03-06 00:20:00,71,36.0,h,magenta,-5.0,1000.0,1000.1271646813555,-8.0,5.0,310.0
516,ENSK,68.5788269043,15.033416748,2023-03-06 00:20:00,75,36.0,l,magenta,-6.0,1000.0,1000.1277031532422,-7.0,3.0,
517,ESSA,59.6519012451,17.9186000824,2023-03-06 00:20:00,71,36.0,h,magenta,-5.0,997.0,997.1264467773417,-6.0,7.0,290.0
518,LSZB,46.914100647,7.4971499443,2023-03-06 00:20:00,10,36.0,+,yellow,-4.0,1009.0,1009.1229402319117,-4.0,1.0,320.0
519,EGGP,53.3335990906,-2.8497200012,2023-03-06 00:20:00,16,36.0,1,,5.0,1010.0,1010.1234934646542,4.0,7.0,200.0
520,EGPC,58.4589004517,-3.0930600166,2023-03-06 00:20:00,61,36.0,^,green,2.0,99999.0,99999.0,1.0,6.0,180.0
521,EGPD,57.2019004822,-2.1977798939,2023-03-06 00:20:00,61,36.0,^,green,2.0,1006.0,1006.1240128850426,1.0,6.0,160.0
522,EGPD,57.2019004822,-2.1977798939,2023-03-06 00:20:00,61,36.0,^,green,2.0,1006.0,1006.1240128850426,1.0,6.0,160.0
523,EGGP,53.3335990906,-2.8497200012,2023-03-06 00:20:00,16,36.0,1,,5.0,1010.0,1010.1234934646542,4.0,7.0,200.0
524,EGPC,58.4589004517,-3.0930600166,2023-03-06 00:20:00,61,36.0,^,green,2.0,99999.0,99999.0,1.0,6.0,180.0
525,EGPE,57.5424995422,-4.0475001335,2023-03-06 00:20:00,61,36.0,^,green,4.0,1006.0,1006.1236110188021,3.0,5.0,230.0
526,EGPO,58.2155990601,-6.3311100006,2023-03-06 00:20:00,61,36.0,^,green,4.0,1008.0,1008.1238712407885,3.0,12.0,340.0
527,LEMO,37.1749000549,-5.615940094,2023-03-06 00:30:00,10,36.0,+,yellow,10.0,1015.0,1015.1212227611059,9.0,5.0,200.0
528,EDFH,49.9486999512,7.2638897896,2023-03-06 00:20:00,51,36.0,T,green,0.0,1008.0,1008.1210991950572,-0.0,6.0,240.0
529,ENHK,70.4867019653,22.1396999359,2023-03-06 00:20:00,71,36.0,h,magenta,-5.0,995.0,995.1265472221596,-6.0,6.0,220.0
530,ETHS,52.9193992615,10.1975002289,2023-03-06 00:20:00,61,36.0,^,green,2.0,1004.0,1004.1236793445795,1.0,6.0,270.0
531,EGPO,58.2155990601,-6.3311100006,2023-03-06 00:20:00,61,36.0,^,green,4.0,1008.0,1008.1238712407885,3.0,12.0,340.0
532,ENHV,71.0096969604,25.9836006165,2023-03-06 00:20:00,71,36.0,h,magenta,-6.0,996.0,996.127090474346,-9.0,9.0,190.0
533,LEMO,37.1749000549,-5.615940094,2023-03-06 00:30:00,10,36.0,+,yellow,10.0,1015.0,1015.1212227611059,9.0,5.0,200.0
534,LIBP,42.4317016602,14.1810998917,2023-03-06 00:20:00,10,36.0,+,yellow,3.0,1010.0,1010.1245231862697,2.0,2.0,
535,ENHK,70.4867019653,22.1396999359,2023-03-06 00:20:00,71,36.0,h,magenta,-5.0,995.0,995.1265472221596,-6.0,6.0,220.0
536,ENKB,63.1118011475,7.8245201111,2023-03-06 00:20:00,75,36.0,l,magenta,-2.0,1003.0,1003.1255608332182,-4.0,5.0,230.0
537,ENSK,68.5788269043,15.033416748,2023-03-06 00:20:00,75,36.0,l,magenta,-6.0,1000.0,1000.1277031532422,-7.0,3.0,
538,LIPZ,45.5052986145,12.3519001007,2023-03-06 00:20:00,10,36.0,+,yellow,7.0,1008.0,1008.1225291110197,6.0,5.0,50.0
539,EBAW,51.1893997192,4.4602799416,2023-03-06 00:20:00,80,36.0,q,green,2.0,1010.0,1010.1250218826632,1.0,8.0,280.0
540,EGPO,58.2155990601,-6.3311100006,2023-03-06 00:20:00,61,36.0,^,green,4.0,1008.0,1008.1238712407885,3.0,12.0,340.0
541,EBAW,51.1893997192,4.4602799416,2023-03-06 00:20:00,80,36.0,q,green,2.0,1010.0,1010.1250218826632,1.0,8.0,280.0
542,ENML,62.7447013855,7.2624998093,2023-03-06 00:20:00,75,36.0,l,magenta,-2.0,1004.0,1004.1262692682296,-3.0,7.0,260.0
543,ENOV,62.1800003052,6.0741000175,2023-03-06 00:20:00,71,36.0,h,magenta,-3.0,1004.0,1004.1260468292121,-4.0,0.0,0.0
544,EDDC,51.1328010559,13.76720047,2023-03-06 00:20:00,71,36.0,h,magenta,2.0,1006.0,1006.1224624011439,-1.0,6.0,260.0
545,EDDH,53.6304016113,9.9882297516,2023-03-06 00:20:00,10,36.0,+,yellow,-0.0,1005.0,1005.1253085712767,-0.0,1.0,230.0
546,EDDK,50.8658981323,7.1427397728,2023-03-06 00:20:00,61,36.0,^,green,3.0,1009.0,1009.1236633405462,1.0,8.0,270.0
547,EDDL,51.2895011902,6.7667798996,2023-03-06 00:20:00,80,36.0,q,green,3.0,1008.0,1008.1239887675965,2.0,7.0,240.0
548,ENSH,68.2433013916,14.6691999435,2023-03-06 00:20:00,71,36.0,h,magenta,-5.0,1000.0,1000.1271646813555,-8.0,5.0,310.0
549,EBAW,51.1893997192,4.4602799416,2023-03-06 00:20:00,80,36.0,q,green,2.0,1010.0,1010.1250218826632,1.0,8.0,280.0
550,EDDH,53.6304016113,9.9882297516,2023-03-06 00:20:00,10,36.0,+,yellow,-0.0,1005.0,1005.1253085712767,-0.0,1.0,230.0
551,EDDK,50.8658981323,7.1427397728,2023-03-06 00:20:00,61,36.0,^,green,3.0,1009.0,1009.1236633405462,1.0,8.0,270.0
552,EBAW,51.1893997192,4.4602799416,2023-03-06 00:20:00,80,36.0,q,green,2.0,1010.0,1010.1250218826632,1.0,8.0,280.0
553,EGPD,57.2019004822,-2.1977798939,2023-03-06 00:20:00,61,36.0,^,green,2.0,1006.0,1006.1240128850426,1.0,6.0,160.0
554,EGPO,58.2155990601,-6.3311100006,2023-03-06 00:20:00,61,36.0,^,green,4.0,1008.0,1008.1238712407885,3.0,12.0,340.0
555,ENAN,69.2925033569,16.1441993713,2023-03-06 00:20:00,75,36.0,l,magenta,-5.0,998.0,998.1268612592373,-7.0,31.0,10.0
556,ENSH,68.2433013916,14.6691999435,2023-03-06 00:20:00,71,36.0,h,magenta,-5.0,1000.0,1000.1271646813555,-8.0,5.0,310.0
557,ESSA,59.6519012451,17.9186000824,2023-03-06 00:20:00,71,36.0,h,magenta,-5.0,997.0,997.1264467773417,-6.0,7.0,290.0
558,EDFH,49.9486999512,7.2638897896,2023-03-06 00:20:00,51,36.0,T,green,0.0,1008.0,1008.1210991950572,-0.0,6.0,240.0
559,ETHS,52.9193992615,10.1975002289,2023-03-06 00:20:00,61,36.0,^,green,2.0,1004.0,1004.1236793445795,1.0,6.0,270.0
560,EDFH,49.9486999512,7.2638897896,2023-03-06 00:20:00,51,36.0,T,green,0.0,1008.0,1008.1210991950572,-0.0,6.0,240.0
561,EDFH,49.9486999512,7.2638897896,2023-03-06 00:20:00,51,36.0,T,green,0.0,1008.0,1008.1210991950572,-0.0,6.0,240.0
562,ETHS,52.9193992615,10.1975002289,2023-03-06 00:20:00,61,36.0,^,green,2.0,1004.0,1004.1236793445795,1.0,6.0,270.0
563,EDFH,49.9486999512,7.2638897896,2023-03-06 00:20:00,51,36.0,T,green,0.0,1008.0,1008.1210991950572,-0.0,6.0,240.0
564,ETHS,52.9193992615,10.1975002289,2023-03-06 00:20:00,61,36.0,^,green,2.0,1004.0,1004.1236793445795,1.0,6.0,270.0
565,EHGG,53.1197013855,6.5794401169,2023-03-06 00:25:00,53,36.0,V,green,3.0,1006.0,1006.12412025184,1.0,4.0,270.0
566,EHKD,52.9234008789,4.7806200981,2023-03-06 00:25:00,61,36.0,^,green,3.0,1007.0,1007.1242844629462,2.0,6.0,260.0
567,LIBP,42.4317016602,14.1810998917,2023-03-06 00:20:00,10,36.0,+,yellow,3.0,1010.0,1010.1245231862697,2.0,2.0,
568,EHGG,53.1197013855,6.5794401169,2023-03-06 00:25:00,53,36.0,V,green,3.0,1006.0,1006.12412025184,1.0,4.0,270.0
569,EHKD,52.9234008789,4.7806200981,2023-03-06 00:25:00,61,36.0,^,green,3.0,1007.0,1007.1242844629462,2.0,6.0,260.0
570,ETHS,52.9193992615,10.1975002289,2023-03-06 00:20:00,61,36.0,^,green,2.0,1004.0,1004.1236793445795,1.0,6.0,270.0
571,LSMA,46.943901062,8.2841701508,2023-03-06 00:20:00,10,36.0,+,yellow,0.0,1009.0,1009.1217451033039,-2.0,3.0,200.0
572,EFKU,63.0070991516,27.7978000641,2023-03-06 00:20:00,71,36.0,h,magenta,-11.0,994.0,994.1284218564988,-12.0,3.0,320.0
573,LEMO,37.1749000549,-5.615940094,2023-03-06 00:30:00,10,36.0,+,yellow,10.0,1015.0,1015.1212227611059,9.0,5.0,200.0
574,LTBJ,38.2924003601,27.156999588,2023-03-06 00:20:00,41,36.0,J,yellow,6.0,1010.0,1010.1220893528874,6.0,0.0,0.0
575,LTBR,40.2551994324,29.5625991821,2023-03-06 00:20:00,80,36.0,q,green,7.0,1009.0,1009.120541013029,6.0,6.0,250.0
576,LTFE,37.2505989075,27.6643009186,2023-03-06 00:20:00,80,36.0,q,green,7.0,1011.0,1011.1228540162624,7.0,4.0,120.0
577,LTAP,40.8293991089,35.5219993591,2023-03-06 00:20:00,80,36.0,q,green,7.0,1000.0,1000.1168272061353,7.0,8.0,240.0
578,LTAU,38.770401001,35.4953994751,2023-03-06 00:20:00,80,36.0,q,green,6.0,1008.0,1008.1138607588664,0.0,14.0,270.0
579,LEJR,36.7445983887,-6.0601100922,2023-03-06 00:30:00,10,36.0,+,yellow,10.0,1016.0,1016.121873726765,10.0,2.0,
580,LTBJ,38.2924003601,27.156999588,2023-03-06 00:20:00,41,36.0,J,yellow,6.0,1010.0,1010.1220893528874,6.0,0.0,0.0
581,LTAP,40.8293991089,35.5219993591,2023-03-06 00:20:00,80,36.0,q,green,7.0,1000.0,1000.1168272061353,7.0,8.0,240.0
582,LTAU,38.770401001,35.4953994751,2023-03-06 00:20:00,80,36.0,q,green,6.0,1008.0,1008.1138607588664,0.0,14.0,270.0
583,LTFE,37.2505989075,27.6643009186,2023-03-06 00:20:00,80,36.0,q,green,7.0,1011.0,1011.1228540162624,7.0,4.0,120.0
584,LTBR,40.2551994324,29.5625991821,2023-03-06 00:20:00,80,36.0,q,green,7.0,1009.0,1009.120541013029,6.0,6.0,250.0
585,LTAP,40.8293991089,35.5219993591,2023-03-06 00:20:00,80,36.0,q,green,7.0,1000.0,1000.1168272061353,7.0,8.0,240.0
586,LTAU,38.770401001,35.4953994751,2023-03-06 00:20:00,80,36.0,q,green,6.0,1008.0,1008.1138607588664,0.0,14.0,270.0
587,LTBJ,38.2924003601,27.156999588,2023-03-06 00:20:00,41,36.0,J,yellow,6.0,1010.0,1010.1220893528874,6.0,0.0,0.0
588,LTBR,40.2551994324,29.5625991821,2023-03-06 00:20:00,80,36.0,q,green,7.0,1009.0,1009.120541013029,6.0,6.0,250.0
589,LTFE,37.2505989075,27.6643009186,2023-03-06 00:20:00,80,36.0,q,green,7.0,1011.0,1011.1228540162624,7.0,4.0,120.0
590,ESSA,59.6519012451,17.9186000824,2023-03-06 00:20:00,71,36.0,h,magenta,-5.0,997.0,997.1264467773417,-6.0,7.0,290.0
591,EGPO,58.2155990601,-6.3311100006,2023-03-06 00:20:00,61,36.0,^,green,4.0,1008.0,1008.1238712407885,3.0,12.0,340.0
592,LEMO,37.1749000549,-5.615940094,2023-03-06 00:30:00,10,36.0,+,yellow,10.0,1015.0,1015.1212227611059,9.0,5.0,200.0
593,EHKD,52.9234008789,4.7806200981,2023-03-06 00:25:00,61,36.0,^,green,3.0,1007.0,1007.1242844629462,2.0,6.0,260.0
594,EHGG,53.1197013855,6.5794401169,2023-03-06 00:25:00,53,36.0,V,green,3.0,1006.0,1006.12412025184,1.0,4.0,270.0
595,EHKD,52.9234008789,4.7806200981,2023-03-06 00:25:00,61,36.0,^,green,3.0,1007.0,1007.1242844629462,2.0,6.0,260.0
596,ETHS,52.9193992615,10.1975002289,2023-03-06 00:20:00,61,36.0,^,green,2.0,1004.0,1004.1236793445795,1.0,6.0,270.0
597,LTAP,40.8293991089,35.5219993591,2023-03-06 00:20:00,80,36.0,q,green,7.0,1000.0,1000.1168272061353,7.0,8.0,240.0
598,LTAU,38.770401001,35.4953994751,2023-03-06 00:20:00,80,36.0,q,green,6.0,1008.0,1008.1138607588664,0.0,14.0,270.0
599,LTBJ,38.2924003601,27.156999588,2023-03-06 00:20:00,41,36.0,J,yellow,6.0,1010.0,1010.1220893528874,6.0,0.0,0.0
600,LTBR,40.2551994324,29.5625991821,2023-03-06 00:20:00,80,36.0,q,green,7.0,1009.0,1009.120541013029,6.0,6.0,250.0
601,LTFE,37.2505989075,27.6643009186,2023-03-06 00:20:00,80,36.0,q,green,7.0,1011.0,1011.1228540162624,7.0,4.0,120.0
602,LTAP,40.8293991089,35.5219993591,2023-03-06 00:20:00,80,36.0,q,green,7.0,1000.0,1000.1168272061353,7.0,8.0,240.0
603,LTAU,38.770401001,35.4953994751,2023-03-06 00:20:00,80,36.0,q,green,6.0,1008.0,1008.1138607588664,0.0,14.0,270.0
604,LTBJ,38.2924003601,27.156999588,2023-03-06 00:20:00,41,36.0,J,yellow,6.0,1010.0,1010.1220893528874,6.0,0.0,0.0
605,LTFE,37.2505989075,27.6643009186,2023-03-06 00:20:00,80,36.0,q,green,7.0,1011.0,1011.1228540162624,7.0,4.0,120.0
606,LZTT,49.073600769,20.2411003113,2023-03-06 00:30:00,71,36.0,h,magenta,-2.0,1005.0,1005.1196790161637,-6.0,11.0,250.0
607,LTBJ,38.2924003601,27.156999588,2023-03-06 00:20:00,41,36.0,J,yellow,6.0,1010.0,1010.1220893528874,6.0,0.0,0.0
608,LTAP,40.8293991089,35.5219993591,2023-03-06 00:20:00,80,36.0,q,green,7.0,1000.0,1000.1168272061353,7.0,8.0,240.0
609,LTAU,38.770401001,35.4953994751,2023-03-06 00:20:00,80,36.0,q,green,6.0,1008.0,1008.1138607588664,0.0,14.0,270.0
610,LTFE,37.2505989075,27.6643009186,2023-03-06 00:20:00,80,36.0,q,green,7.0,1011.0,1011.1228540162624,7.0,4.0,120.0
611,LTBR,40.2551994324,29.5625991821,2023-03-06 00:20:00,80,36.0,q,green,7.0,1009.0,1009.120541013029,6.0,6.0,250.0
612,EHGG,53.1197013855,6.5794401169,2023-03-06 00:25:00,53,36.0,V,green,3.0,1006.0,1006.12412025184,1.0,4.0,270.0
613,EHKD,52.9234008789,4.7806200981,2023-03-06 00:25:00,61,36.0,^,green,3.0,1007.0,1007.1242844629462,2.0,6.0,260.0
614,EHGG,53.1197013855,6.5794401169,2023-03-06 00:25:00,53,36.0,V,green,3.0,1006.0,1006.12412025184,1.0,4.0,270.0
615,EHKD,52.9234008789,4.7806200981,2023-03-06 00:25:00,61,36.0,^,green,3.0,1007.0,1007.1242844629462,2.0,6.0,260.0
616,LEJR,36.7445983887,-6.0601100922,2023-03-06 00:30:00,10,36.0,+,yellow,10.0,1016.0,1016.121873726765,10.0,2.0,
617,EGOV,53.2481002808,-4.5353398323,2023-03-06 00:20:00,58,36.0,[,green,7.0,1010.0,1010.1226871299486,6.0,10.0,280.0
618,LTAP,40.8293991089,35.5219993591,2023-03-06 00:20:00,80,36.0,q,green,7.0,1000.0,1000.1168272061353,7.0,8.0,240.0
619,LTAU,38.770401001,35.4953994751,2023-03-06 00:20:00,80,36.0,q,green,6.0,1008.0,1008.1138607588664,0.0,14.0,270.0
620,LTBJ,38.2924003601,27.156999588,2023-03-06 00:20:00,41,36.0,J,yellow,6.0,1010.0,1010.1220893528874,6.0,0.0,0.0
621,LTFE,37.2505989075,27.6643009186,2023-03-06 00:20:00,80,36.0,q,green,7.0,1011.0,1011.1228540162624,7.0,4.0,120.0
622,LFLB,45.6380996704,5.88022995,2023-03-06 00:30:00,10,36.0,+,yellow,-2.0,1011.0,1011.1248530009015,-2.0,0.0,0.0
623,LFMH,45.540599823,4.2963900566,2023-03-06 00:30:00,10,36.0,+,yellow,-4.0,1010.0,1010.1240654919409,-5.0,3.0,40.0
624,LFLP,45.9291992188,6.098760128,2023-03-06 00:30:00,10,36.0,+,yellow,-1.0,1010.0,1010.1221430122309,-2.0,2.0,
625,LFLN,46.4124984741,4.0132598877,2023-03-06 00:30:00,10,36.0,+,yellow,-4.0,1010.0,1010.125618018863,-6.0,0.0,0.0
626,EPLL,51.7219009399,19.3980998993,2023-03-06 00:30:00,49,36.0,R,red,-6.0,1006.0,1006.126645278155,-7.0,1.0,
627,EGDM,51.1521987915,-1.747410059,2023-03-06 00:20:00,10,36.0,+,yellow,1.0,1011.0,1011.124537808362,-0.0,4.0,310.0
628,EGOS,52.7981987,-2.6680400372,2023-03-06 00:20:00,63,36.0,',green,4.0,1010.0,1010.1234734551678,3.0,4.0,230.0
629,EGOV,53.2481002808,-4.5353398323,2023-03-06 00:20:00,58,36.0,[,green,7.0,1010.0,1010.1226871299486,6.0,10.0,280.0
630,EGQK,57.6493988037,-3.5606400967,2023-03-06 00:20:00,61,36.0,^,green,4.0,1005.0,1005.1235141238947,4.0,4.0,240.0
631,EGQL,56.3728981018,-2.8684399128,2023-03-06 00:20:00,61,36.0,^,green,3.0,1007.0,1007.1241824353895,2.0,3.0,260.0
632,EGVP,51.1394004822,-1.5686099529,2023-03-06 00:20:00,10,36.0,+,yellow,0.0,1011.0,1011.1253314675016,-1.0,3.0,320.0
633,LZTT,49.073600769,20.2411003113,2023-03-06 00:30:00,71,36.0,h,magenta,-2.0,1005.0,1005.1196790161637,-6.0,11.0,250.0
634,LFMH,45.540599823,4.2963900566,2023-03-06 00:30:00,10,36.0,+,yellow,-4.0,1010.0,1010.1240654919409,-5.0,3.0,40.0
635,LFLB,45.6380996704,5.88022995,2023-03-06 00:30:00,10,36.0,+,yellow,-2.0,1011.0,1011.1248530009015,-2.0,0.0,0.0
636,LFLN,46.4124984741,4.0132598877,2023-03-06 00:30:00,10,36.0,+,yellow,-4.0,1010.0,1010.125618018863,-6.0,0.0,0.0
637,LFMH,45.540599823,4.2963900566,2023-03-06 00:30:00,10,36.0,+,yellow,-4.0,1010.0,1010.1240654919409,-5.0,3.0,40.0
638,LFLB,45.6380996704,5.88022995,2023-03-06 00:30:00,10,36.0,+,yellow,-2.0,1011.0,1011.1248530009015,-2.0,0.0,0.0
639,LFLN,46.4124984741,4.0132598877,2023-03-06 00:30:00,10,36.0,+,yellow,-4.0,1010.0,1010.125618018863,-6.0,0.0,0.0
640,EGDM,51.1521987915,-1.747410059,2023-03-06 00:20:00,10,36.0,+,yellow,1.0,1011.0,1011.124537808362,-0.0,4.0,310.0
641,EGOS,52.7981987,-2.6680400372,2023-03-06 00:20:00,63,36.0,',green,4.0,1010.0,1010.1234734551678,3.0,4.0,230.0
642,EGOV,53.2481002808,-4.5353398323,2023-03-06 00:20:00,58,36.0,[,green,7.0,1010.0,1010.1226871299486,6.0,10.0,280.0
643,EGQK,57.6493988037,-3.5606400967,2023-03-06 00:20:00,61,36.0,^,green,4.0,1005.0,1005.1235141238947,4.0,4.0,240.0
644,EGQL,56.3728981018,-2.8684399128,2023-03-06 00:20:00,61,36.0,^,green,3.0,1007.0,1007.1241824353895,2.0,3.0,260.0
645,EGVP,51.1394004822,-1.5686099529,2023-03-06 00:20:00,10,36.0,+,yellow,0.0,1011.0,1011.1253314675016,-1.0,3.0,320.0
646,EGDM,51.1521987915,-1.747410059,2023-03-06 00:20:00,10,36.0,+,yellow,1.0,1011.0,1011.124537808362,-0.0,4.0,310.0
647,EGOS,52.7981987,-2.6680400372,2023-03-06 00:20:00,63,36.0,',green,4.0,1010.0,1010.1234734551678,3.0,4.0,230.0
648,EGOV,53.2481002808,-4.5353398323,2023-03-06 00:20:00,58,36.0,[,green,7.0,1010.0,1010.1226871299486,6.0,10.0,280.0
649,EGQK,57.6493988037,-3.5606400967,2023-03-06 00:20:00,61,36.0,^,green,4.0,1005.0,1005.1235141238947,4.0,4.0,240.0
650,EGQL,56.3728981018,-2.8684399128,2023-03-06 00:20:00,61,36.0,^,green,3.0,1007.0,1007.1241824353895,2.0,3.0,260.0
651,EGVP,51.1394004822,-1.5686099529,2023-03-06 00:20:00,10,36.0,+,yellow,0.0,1011.0,1011.1253314675016,-1.0,3.0,320.0
652,EPLL,51.7219009399,19.3980998993,2023-03-06 00:30:00,49,36.0,R,red,-6.0,1006.0,1006.126645278155,-7.0,1.0,
653,EGDM,51.1521987915,-1.747410059,2023-03-06 00:20:00,10,36.0,+,yellow,1.0,1011.0,1011.124537808362,-0.0,4.0,310.0
654,EGOS,52.7981987,-2.6680400372,2023-03-06 00:20:00,63,36.0,',green,4.0,1010.0,1010.1234734551678,3.0,4.0,230.0
655,EGQK,57.6493988037,-3.5606400967,2023-03-06 00:20:00,61,36.0,^,green,4.0,1005.0,1005.1235141238947,4.0,4.0,240.0
656,EGQL,56.3728981018,-2.8684399128,2023-03-06 00:20:00,61,36.0,^,green,3.0,1007.0,1007.1241824353895,2.0,3.0,260.0
657,EGVP,51.1394004822,-1.5686099529,2023-03-06 00:20:00,10,36.0,+,yellow,0.0,1011.0,1011.1253314675016,-1.0,3.0,320.0
658,LRCK,44.3622016907,28.4883003235,2023-03-06 00:30:00,45,36.0,N,yellow,1.0,1009.0,1009.1244488906233,1.0,1.0,230.0
659,LJCE,45.9000015259,15.5302000046,2023-03-06 00:30:00,10,36.0,+,yellow,-2.0,1010.0,1010.1255225990043,-3.0,1.0,
660,LEVD,41.7061004639,-4.851940155,2023-03-06 00:30:00,10,36.0,+,yellow,4.0,1011.0,1011.1167366165905,4.0,4.0,210.0
661,LEJR,36.7445983887,-6.0601100922,2023-03-06 00:30:00,10,36.0,+,yellow,10.0,1016.0,1016.121873726765,10.0,2.0,
662,LEBG,42.3576011658,-3.620759964,2023-03-06 00:30:00,61,36.0,^,green,4.0,1011.0,1011.1163049556319,3.0,6.0,230.0
663,LEXJ,43.4271011353,-3.8200099468,2023-03-06 00:30:00,10,36.0,+,yellow,6.0,1013.0,1013.1235770954692,4.0,4.0,210.0
664,LELC,37.7750015259,-0.8123890162,2023-03-06 00:30:00,61,36.0,^,green,12.0,1013.0,1013.1208322699895,10.0,0.0,0.0
665,LEMI,37.803,-1.125,2023-03-06 00:30:00,61,36.0,^,green,10.0,1013.0,1013.120035027314,8.0,5.0,230.0
666,LEAL,38.2821998596,-0.5581560135,2023-03-06 00:30:00,61,36.0,^,green,11.0,1012.0,1012.1208041510009,9.0,1.0,
667,LEIB,38.8728981018,1.3731199503,2023-03-06 00:30:00,61,36.0,^,green,12.0,1012.0,1012.120677397013,8.0,17.0,230.0
668,LEMD,40.4936,-3.56676,2023-03-06 00:30:00,10,36.0,+,yellow,5.0,1013.0,1013.1185636028022,5.0,4.0,160.0
669,LEVC,39.4892997742,-0.4816249907,2023-03-06 00:30:00,61,36.0,^,green,10.0,1012.0,1012.1209881403586,7.0,10.0,250.0
670,LEZL,37.4179992676,-5.8931097984,2023-03-06 00:30:00,45,36.0,N,yellow,13.0,1015.0,1015.1203484095413,13.0,3.0,260.0
671,ULAA,64.6003036499,40.7167015076,2023-03-06 00:30:00,10,36.0,+,yellow,-22.0,1000.0,1000.1358020659985,-24.0,0.0,0.0
672,ULMM,68.7817001343,32.7508010864,2023-03-06 00:30:00,85,36.0,v,magenta,-8.0,998.0,998.1276365665404,-8.0,0.0,0.0
673,URKA,45.0021018982,37.3473014832,2023-03-06 00:30:00,80,36.0,q,green,7.0,1004.0,1004.1215734920326,6.0,4.0,50.0
674,URKK,45.0346984863,39.170501709,2023-03-06 00:30:00,80,36.0,q,green,8.0,1005.0,1005.1213936271549,7.0,2.0,350.0
675,URMG,43.3883018494,45.698600769,2023-03-06 00:30:00,45,36.0,N,yellow,1.0,1006.0,1006.1251149358158,1.0,2.0,100.0
676,URRP,47.50083333,39.93361111,2023-03-06 00:30:00,10,36.0,+,yellow,-2.0,1006.0,1006.1257029383461,-2.0,0.0,0.0
677,URWA,46.2832984924,48.0063018799,2023-03-06 00:30:00,45,36.0,N,yellow,2.0,1010.0,1010.1253287499603,2.0,1.0,140.0
678,UUBP,53.2141990662,34.176399231,2023-03-06 00:30:00,71,36.0,h,magenta,-4.0,1000.0,1000.1247668154502,-6.0,2.0,220.0
679,UUOK,51.7505989075,36.2956008911,2023-03-06 00:30:00,71,36.0,h,magenta,-3.0,1003.0,1003.1246032307496,-7.0,4.0,260.0
680,UWGG,56.2300987244,43.7840003967,2023-03-06 00:30:00,71,36.0,h,magenta,-3.0,996.0,996.125003668925,-3.0,3.0,270.0
681,UUEE,55.9725990295,37.4146003723,2023-03-06 00:30:00,49,36.0,R,red,-5.0,996.0,996.1248591970948,-6.0,3.0,210.0
682,EGDM,51.1521987915,-1.747410059,2023-03-06 00:20:00,10,36.0,+,yellow,1.0,1011.0,1011.124537808362,-0.0,4.0,310.0
683,EGOS,52.7981987,-2.6680400372,2023-03-06 00:20:00,63,36.0,',green,4.0,1010.0,1010.1234734551678,3.0,4.0,230.0
684,EGOV,53.2481002808,-4.5353398323,2023-03-06 00:20:00,58,36.0,[,green,7.0,1010.0,1010.1226871299486,6.0,10.0,280.0
685,EGQK,57.6493988037,-3.5606400967,2023-03-06 00:20:00,61,36.0,^,green,4.0,1005.0,1005.1235141238947,4.0,4.0,240.0
686,EGQL,56.3728981018,-2.8684399128,2023-03-06 00:20:00,61,36.0,^,green,3.0,1007.0,1007.1241824353895,2.0,3.0,260.0
687,EGVP,51.1394004822,-1.5686099529,2023-03-06 00:20:00,10,36.0,+,yellow,0.0,1011.0,1011.1253314675016,-1.0,3.0,320.0
688,UUEE,55.9725990295,37.4146003723,2023-03-06 00:30:00,49,36.0,R,red,-5.0,996.0,996.1248591970948,-6.0,3.0,210.0
689,UWGG,56.2300987244,43.7840003967,2023-03-06 00:30:00,71,36.0,h,magenta,-3.0,996.0,996.125003668925,-3.0,3.0,270.0
690,EBDT,50.9991989136,5.065559864,2023-03-06 00:25:00,61,36.0,^,green,3.0,1009.0,1009.1242483917173,1.0,2.0,
691,EBFN,51.0903015137,2.652780056,2023-03-06 00:25:00,10,36.0,+,yellow,2.0,1010.0,1010.1250778327171,1.0,3.0,210.0
692,LEVD,41.7061004639,-4.851940155,2023-03-06 00:30:00,10,36.0,+,yellow,4.0,1011.0,1011.1167366165905,4.0,4.0,210.0
693,LEAL,38.2821998596,-0.5581560135,2023-03-06 00:30:00,61,36.0,^,green,11.0,1012.0,1012.1208041510009,9.0,1.0,
694,LEBG,42.3576011658,-3.620759964,2023-03-06 00:30:00,61,36.0,^,green,4.0,1011.0,1011.1163049556319,3.0,6.0,230.0
695,LEIB,38.8728981018,1.3731199503,2023-03-06 00:30:00,61,36.0,^,green,12.0,1012.0,1012.120677397013,8.0,17.0,230.0
696,LELC,37.7750015259,-0.8123890162,2023-03-06 00:30:00,61,36.0,^,green,12.0,1013.0,1013.1208322699895,10.0,0.0,0.0
697,LEMD,40.4936,-3.56676,2023-03-06 00:30:00,10,36.0,+,yellow,5.0,1013.0,1013.1185636028022,5.0,4.0,160.0
698,LEVC,39.4892997742,-0.4816249907,2023-03-06 00:30:00,61,36.0,^,green,10.0,1012.0,1012.1209881403586,7.0,10.0,250.0
699,LEZL,37.4179992676,-5.8931097984,2023-03-06 00:30:00,45,36.0,N,yellow,13.0,1015.0,1015.1203484095413,13.0,3.0,260.0
700,EBDT,50.9991989136,5.065559864,2023-03-06 00:25:00,61,36.0,^,green,3.0,1009.0,1009.1242483917173,1.0,2.0,
701,EBFN,51.0903015137,2.652780056,2023-03-06 00:25:00,10,36.0,+,yellow,2.0,1010.0,1010.1250778327171,1.0,3.0,210.0
702,LTBJ,38.2924003601,27.156999588,2023-03-06 00:32:00,41,36.0,J,yellow,6.0,1010.0,1010.1220893528874,6.0,0.0,0.0
703,LEMO,37.1749000549,-5.615940094,2023-03-06 00:30:00,10,36.0,+,yellow,10.0,1015.0,1015.1212227611059,9.0,5.0,200.0
704,LEBA,37.841999054,-4.8488798141,2023-03-06 00:30:00,10,36.0,+,yellow,9.0,1015.0,1015.1216422799267,8.0,2.0,
705,LTBJ,38.2924003601,27.156999588,2023-03-06 00:32:00,41,36.0,J,yellow,6.0,1010.0,1010.1220893528874,6.0,0.0,0.0
706,EBDT,50.9991989136,5.065559864,2023-03-06 00:25:00,61,36.0,^,green,3.0,1009.0,1009.1242483917173,1.0,2.0,
707,EBFN,51.0903015137,2.652780056,2023-03-06 00:25:00,10,36.0,+,yellow,2.0,1010.0,1010.1250778327171,1.0,3.0,210.0
708,LRCK,44.3622016907,28.4883003235,2023-03-06 00:30:00,45,36.0,N,yellow,1.0,1009.0,1009.1244488906233,1.0,1.0,230.0
709,LZTT,49.073600769,20.2411003113,2023-03-06 00:30:00,71,36.0,h,magenta,-2.0,1005.0,1005.1196790161637,-6.0,11.0,250.0
710,LFLB,45.6380996704,5.88022995,2023-03-06 00:30:00,10,36.0,+,yellow,-2.0,1011.0,1011.1248530009015,-2.0,0.0,0.0
711,LFMH,45.540599823,4.2963900566,2023-03-06 00:30:00,10,36.0,+,yellow,-4.0,1010.0,1010.1240654919409,-5.0,3.0,40.0
712,ULAA,64.6003036499,40.7167015076,2023-03-06 00:30:00,10,36.0,+,yellow,-22.0,1000.0,1000.1358020659985,-24.0,0.0,0.0
713,UUEE,55.9725990295,37.4146003723,2023-03-06 00:30:00,49,36.0,R,red,-5.0,996.0,996.1248591970948,-6.0,3.0,210.0
714,ULMM,68.7817001343,32.7508010864,2023-03-06 00:30:00,85,36.0,v,magenta,-8.0,998.0,998.1276365665404,-8.0,0.0,0.0
715,UUEE,55.9725990295,37.4146003723,2023-03-06 00:30:00,49,36.0,R,red,-5.0,996.0,996.1248591970948,-6.0,3.0,210.0
716,URKA,45.0021018982,37.3473014832,2023-03-06 00:30:00,80,36.0,q,green,7.0,1004.0,1004.1215734920326,6.0,4.0,50.0
717,URKK,45.0346984863,39.170501709,2023-03-06 00:30:00,80,36.0,q,green,8.0,1005.0,1005.1213936271549,7.0,2.0,350.0
718,URWA,46.2832984924,48.0063018799,2023-03-06 00:30:00,45,36.0,N,yellow,2.0,1010.0,1010.1253287499603,2.0,1.0,140.0
719,UUBP,53.2141990662,34.176399231,2023-03-06 00:30:00,71,36.0,h,magenta,-4.0,1000.0,1000.1247668154502,-6.0,2.0,220.0
720,UUEE,55.9725990295,37.4146003723,2023-03-06 00:30:00,49,36.0,R,red,-5.0,996.0,996.1248591970948,-6.0,3.0,210.0
721,UWGG,56.2300987244,43.7840003967,2023-03-06 00:30:00,71,36.0,h,magenta,-3.0,996.0,996.125003668925,-3.0,3.0,270.0
722,LEAL,38.2821998596,-0.5581560135,2023-03-06 00:30:00,61,36.0,^,green,11.0,1012.0,1012.1208041510009,9.0,1.0,
723,LEIB,38.8728981018,1.3731199503,2023-03-06 00:30:00,61,36.0,^,green,12.0,1012.0,1012.120677397013,8.0,17.0,230.0
724,LEJR,36.7445983887,-6.0601100922,2023-03-06 00:30:00,10,36.0,+,yellow,10.0,1016.0,1016.121873726765,10.0,2.0,
725,LELC,37.7750015259,-0.8123890162,2023-03-06 00:30:00,61,36.0,^,green,12.0,1013.0,1013.1208322699895,10.0,0.0,0.0
726,LEMD,40.4936,-3.56676,2023-03-06 00:30:00,10,36.0,+,yellow,5.0,1013.0,1013.1185636028022,5.0,4.0,160.0
727,LEVC,39.4892997742,-0.4816249907,2023-03-06 00:30:00,61,36.0,^,green,10.0,1012.0,1012.1209881403586,7.0,10.0,250.0
728,LEVD,41.7061004639,-4.851940155,2023-03-06 00:30:00,10,36.0,+,yellow,4.0,1011.0,1011.1167366165905,4.0,4.0,210.0
729,LEXJ,43.4271011353,-3.8200099468,2023-03-06 00:30:00,10,36.0,+,yellow,6.0,1013.0,1013.1235770954692,4.0,4.0,210.0
730,LEZL,37.4179992676,-5.8931097984,2023-03-06 00:30:00,45,36.0,N,yellow,13.0,1015.0,1015.1203484095413,13.0,3.0,260.0
731,LEBA,37.841999054,-4.8488798141,2023-03-06 00:30:00,10,36.0,+,yellow,9.0,1015.0,1015.1216422799267,8.0,2.0,
732,URKA,45.0021018982,37.3473014832,2023-03-06 00:30:00,80,36.0,q,green,7.0,1004.0,1004.1215734920326,6.0,4.0,50.0
733,EHLW,53.2285995483,5.7605600357,2023-03-06 00:33:00,81,36.0,r,green,3.0,1006.0,1006.1241610424269,2.0,9.0,260.0
734,LTBJ,38.2924003601,27.156999588,2023-03-06 00:32:00,41,36.0,J,yellow,6.0,1010.0,1010.1220893528874,6.0,0.0,0.0
735,EHLW,53.2285995483,5.7605600357,2023-03-06 00:33:00,81,36.0,r,green,3.0,1006.0,1006.1241610424269,2.0,9.0,260.0
736,EBDT,50.9991989136,5.065559864,2023-03-06 00:25:00,61,36.0,^,green,3.0,1009.0,1009.1242483917173,1.0,2.0,
737,EBFN,51.0903015137,2.652780056,2023-03-06 00:25:00,10,36.0,+,yellow,2.0,1010.0,1010.1250778327171,1.0,3.0,210.0
738,LEBA,37.841999054,-4.8488798141,2023-03-06 00:30:00,10,36.0,+,yellow,9.0,1015.0,1015.1216422799267,8.0,2.0,
739,LEXJ,43.4271011353,-3.8200099468,2023-03-06 00:30:00,10,36.0,+,yellow,6.0,1013.0,1013.1235770954692,4.0,4.0,210.0
740,LRCK,44.3622016907,28.4883003235,2023-03-06 00:30:00,45,36.0,N,yellow,1.0,1009.0,1009.1244488906233,1.0,1.0,230.0
741,LTBJ,38.2924003601,27.156999588,2023-03-06 00:32:00,41,36.0,J,yellow,6.0,1010.0,1010.1220893528874,6.0,0.0,0.0
742,LTBJ,38.2924003601,27.156999588,2023-03-06 00:32:00,41,36.0,J,yellow,6.0,1010.0,1010.1220893528874,6.0,0.0,0.0
743,ULAA,64.6003036499,40.7167015076,2023-03-06 00:30:00,10,36.0,+,yellow,-22.0,1000.0,1000.1358020659985,-24.0,0.0,0.0
744,ULMM,68.7817001343,32.7508010864,2023-03-06 00:30:00,85,36.0,v,magenta,-8.0,998.0,998.1276365665404,-8.0,0.0,0.0
745,UUBP,53.2141990662,34.176399231,2023-03-06 00:30:00,71,36.0,h,magenta,-4.0,1000.0,1000.1247668154502,-6.0,2.0,220.0
746,UUOK,51.7505989075,36.2956008911,2023-03-06 00:30:00,71,36.0,h,magenta,-3.0,1003.0,1003.1246032307496,-7.0,4.0,260.0
747,UWGG,56.2300987244,43.7840003967,2023-03-06 00:30:00,71,36.0,h,magenta,-3.0,996.0,996.125003668925,-3.0,3.0,270.0
748,ETHS,52.9193992615,10.1975002289,2023-03-06 00:40:00,68,36.0,e,magenta,2.0,1005.0,1005.1238025311777,1.0,7.0,300.0
